rank,keyword,best_position,hits,seed
1,"pdf to excel converter",0,7,"pdf to excel"
2,"pdf to ppt converter",0,6,"pdf to ppt"
3,"pdf to word converter",0,6,"pdf to word"
4,"word to pdf converter",0,6,"word to pdf"
5,"compress pdf online",0,5,"compress pdf"
6,"jpg to pdf converter",0,5,"jpg to pdf"
7,"merge pdf online",0,5,"merge pdf"
8,"pdf to ppt free",0,5,"pdf to ppt"
9,"rotate pdf online",0,5,"rotate pdf"
10,"watermark pdf free",0,5,"watermark pdf"
11,"watermark pdf online",0,5,"watermark pdf"
12,"word to pdf free",0,5,"word to pdf"
13,"compress pdf to 200kb",0,4,"compress pdf"
14,"excel to pdf converter",0,4,"excel to pdf"
15,"excel to pdf free",0,4,"excel to pdf"
16,"excel to pdf online",0,4,"excel to pdf"
17,"jpg to pdf online",0,4,"jpg to pdf"
18,"merge pdf and image",0,4,"merge pdf"
19,"merge pdf files",0,4,"merge pdf"
20,"merge pdf free",0,4,"merge pdf"
21,"pdf to jpg converter online free",0,4,"pdf to jpg"
22,"pdf to jpg online",0,4,"pdf to jpg"
23,"pdf to word free",0,4,"pdf to word"
24,"pdf to word online",0,4,"pdf to word"
25,"rotate pdf 11zon",0,4,"rotate pdf"
26,"rotate pdf pages",0,4,"rotate pdf"
27,"split pdf free",0,4,"split pdf"
28,"split pdf online",0,4,"split pdf"
29,"watermark pdf remover",0,4,"watermark pdf"
30,"watermark pdf sejda",0,4,"watermark pdf"
31,"word to pdf online",0,4,"word to pdf"
32,"excel to pdf 8.5 x 13",0,3,"pdf to excel"
33,"excel to pdf formula",0,3,"excel to pdf"
34,"excel to pdf i love pdf",0,3,"excel to pdf"
35,"excel to pdf in one page",0,3,"excel to pdf"
36,"jpg to pdf",0,3,"pdf to jpg"
37,"jpg to pdf 200kb",0,3,"jpg to pdf"
38,"jpg to pdf 300 kb",0,3,"jpg to pdf"
39,"jpg to pdf i love pdf",0,3,"jpg to pdf"
40,"jpg to pdf merge",0,3,"jpg to pdf"
41,"merge pdf 11zon",0,3,"merge pdf"
42,"merge pdf i love pdf",0,3,"merge pdf"
43,"ocr pdf converter",0,3,"ocr pdf"
44,"ocr pdf editor",0,3,"ocr pdf"
45,"ocr pdf online",0,3,"ocr pdf"
46,"ocr pdf to word",0,3,"ocr pdf"
47,"pdf to excel",0,3,"pdf to excel"
48,"pdf to excel bank statement converter",0,3,"pdf to excel"
49,"pdf to excel free",0,3,"pdf to excel"
50,"pdf to excel i love pdf",0,3,"pdf to excel"
51,"pdf to excel in one sheet",0,3,"pdf to excel"
52,"pdf to jpg free",0,3,"pdf to jpg"
53,"pdf to jpg high quality",0,3,"pdf to jpg"
54,"pdf to jpg i love pdf",0,3,"pdf to jpg"
55,"pdf to ppt ai",0,3,"pdf to ppt"
56,"pdf to ppt in canva",0,3,"pdf to ppt"
57,"pdf to ppt online",0,3,"pdf to ppt"
58,"pdf to word editable",0,3,"pdf to word"
59,"pdf to word i love pdf",0,3,"pdf to word"
60,"pdf to word with ocr free",0,3,"pdf to word"
61,"rotate pdf each page",0,3,"rotate pdf"
62,"rotate pdf file",0,3,"rotate pdf"
63,"rotate pdf i love pdf",0,3,"rotate pdf"
64,"rotate pdf shortcut",0,3,"rotate pdf"
65,"split pdf 11zon",0,3,"split pdf"
66,"split pdf into pages",0,3,"split pdf"
67,"split pdf pages",0,3,"split pdf"
68,"watermark pdf download",0,3,"watermark pdf"
69,"watermark pdf editor",0,3,"watermark pdf"
70,"watermark pdf ilovepdf",0,3,"watermark pdf"
71,"watermark pdf in adobe",0,3,"watermark pdf"
72,"word to pdf i love pdf",0,3,"word to pdf"
73,"compress pdf",0,2,"compress pdf"
74,"compress pdf app",0,2,"compress pdf"
75,"compress pdf free",0,2,"compress pdf"
76,"compress pdf in kb",0,2,"compress pdf"
77,"compress pdf size",0,2,"compress pdf"
78,"compress pdf without losing quality",0,2,"compress pdf"
79,"excel to pdf app",0,2,"excel to pdf"
80,"excel to pdf landscape",0,2,"excel to pdf"
81,"excel to pdf to word converter online",0,2,"excel to pdf"
82,"excel to pdf without changing format",0,2,"excel to pdf"
83,"jpg to pdf 100 kb",0,2,"jpg to pdf"
84,"jpg to pdf apps",0,2,"jpg to pdf"
85,"jpg to pdf free converter",0,2,"jpg to pdf"
86,"jpg to pdf in one page",0,2,"jpg to pdf"
87,"jpg to pdf to pdf",0,2,"jpg to pdf"
88,"jpg to pdf to word converter",0,2,"jpg to pdf"
89,"jpg to pdf without losing quality",0,2,"jpg to pdf"
90,"merge pdf in one page",0,2,"merge pdf"
91,"merge pdf pages",0,2,"merge pdf"
92,"merge pdf to pdf",0,2,"merge pdf"
93,"merge pdf without losing quality",0,2,"merge pdf"
94,"ocr pdf meaning",0,2,"ocr pdf"
95,"ocr pdf o que é",0,2,"ocr pdf"
96,"pdf to excel 0",0,2,"pdf to excel"
97,"pdf to excel 50 mb",0,2,"pdf to excel"
98,"pdf to excel 600 pages",0,2,"pdf to excel"
99,"pdf to excel 800 pages",0,2,"pdf to excel"
100,"pdf to excel 97 2003 converter",0,2,"pdf to excel"
101,"pdf to excel app",0,2,"pdf to excel"
102,"pdf to excel online converter",0,2,"pdf to excel"
103,"pdf to excel sheet",0,2,"pdf to excel"
104,"pdf to excel to converter",0,2,"pdf to excel"
105,"pdf to excel without email",0,2,"pdf to excel"
106,"pdf to excel word converter",0,2,"pdf to excel"
107,"pdf to excel xodo",0,2,"pdf to excel"
108,"pdf to jpg apps",0,2,"pdf to jpg"
109,"pdf to jpg in high quality",0,2,"pdf to jpg"
110,"pdf to jpg to pdf",0,2,"pdf to jpg"
111,"pdf to jpg without losing quality",0,2,"pdf to jpg"
112,"pdf to ppt",0,2,"pdf to ppt"
113,"pdf to ppt app",0,2,"pdf to ppt"
114,"pdf to ppt high quality",0,2,"pdf to ppt"
115,"pdf to ppt no size limit",0,2,"pdf to ppt"
116,"pdf to ppt to pdf",0,2,"pdf to ppt"
117,"pdf to ppt without changing format",0,2,"pdf to ppt"
118,"pdf to pptx",0,2,"pdf to ppt"
119,"pdf to word 60 mb file",0,2,"pdf to word"
120,"pdf to word 80 mb",0,2,"pdf to word"
121,"pdf to word app",0,2,"pdf to word"
122,"pdf to word in tamil",0,2,"pdf to word"
123,"pdf to word to pdf",0,2,"pdf to word"
124,"pdf to word without changing format",0,2,"pdf to word"
125,"pdf to word xodo",0,2,"pdf to word"
126,"pdf without watermark",0,2,"watermark pdf"
127,"rotate pdf",0,2,"rotate pdf"
128,"rotate pdf free",0,2,"rotate pdf"
129,"rotate pdf in adobe reader",0,2,"rotate pdf"
130,"rotate pdf to landscape",0,2,"rotate pdf"
131,"rotate pdf without adobe",0,2,"rotate pdf"
132,"split pdf app",0,2,"split pdf"
133,"split pdf to image",0,2,"split pdf"
134,"split pdf without losing digital signature",0,2,"split pdf"
135,"watermark pdf",0,2,"watermark pdf"
136,"watermark pdf to word",0,2,"watermark pdf"
137,"watermark pdf with image",0,2,"watermark pdf"
138,"watermark zero pdf",0,2,"watermark pdf"
139,"word to pdf 80 kb",0,2,"pdf to word"
140,"word to pdf app",0,2,"word to pdf"
141,"word to pdf high quality",0,2,"word to pdf"
142,"word to pdf to word converter online",0,2,"word to pdf"
143,"word to pdf without changing alignment",0,2,"word to pdf"
144,"best compress pdf",0,1,"compress pdf"
145,"best excel to pdf converter",0,1,"excel to pdf"
146,"best jpg to pdf converter",0,1,"jpg to pdf"
147,"best merge pdf",0,1,"merge pdf"
148,"best pdf to excel converter online",0,1,"pdf to excel"
149,"best pdf to jpg",0,1,"pdf to jpg"
150,"best pdf to ppt converter",0,1,"pdf to ppt"
151,"best pdf to word converter",0,1,"pdf to word"
152,"best split pdf",0,1,"split pdf"
153,"best way to rotate pdf",0,1,"rotate pdf"
154,"best word to pdf converter",0,1,"word to pdf"
155,"compress pdf 0.5 mb",0,1,"compress pdf"
156,"compress pdf 1mb",0,1,"compress pdf"
157,"compress pdf 200kb",0,1,"compress pdf"
158,"compress pdf 300kb",0,1,"compress pdf"
159,"compress pdf 400kb",0,1,"compress pdf"
160,"compress pdf 500kb",0,1,"compress pdf"
161,"compress pdf 600kb",0,1,"compress pdf"
162,"compress pdf 700 kb",0,1,"compress pdf"
163,"compress pdf 800 kb",0,1,"compress pdf"
164,"compress pdf 900kb",0,1,"compress pdf"
165,"compress pdf adobe",0,1,"compress pdf"
166,"compress pdf below 200kb",0,1,"compress pdf"
167,"compress pdf custom size",0,1,"compress pdf"
168,"compress pdf document",0,1,"compress pdf"
169,"compress pdf extreme",0,1,"compress pdf"
170,"compress pdf file",0,1,"compress pdf"
171,"compress pdf gear",0,1,"compress pdf"
172,"compress pdf high quality",0,1,"compress pdf"
173,"compress pdf i love pdf",0,1,"compress pdf"
174,"compress pdf jpg",0,1,"compress pdf"
175,"compress pdf kb to mb",0,1,"compress pdf"
176,"compress pdf less than 5 mb free",0,1,"compress pdf"
177,"compress pdf mb to kb",0,1,"compress pdf"
178,"compress pdf no quality loss",0,1,"compress pdf"
179,"compress pdf pi7",0,1,"compress pdf"
180,"compress pdf quality",0,1,"compress pdf"
181,"compress pdf reduce pdf size",0,1,"compress pdf"
182,"compress pdf under 200kb",0,1,"compress pdf"
183,"compress pdf video",0,1,"compress pdf"
184,"compress pdf xodo",0,1,"compress pdf"
185,"compress pdf yang aman",0,1,"compress pdf"
186,"compress pdf zon",0,1,"compress pdf"
187,"excel 97 to pdf",0,1,"excel to pdf"
188,"excel to pdf",0,1,"excel to pdf"
189,"excel to pdf 1 page",0,1,"excel to pdf"
190,"excel to pdf 3",0,1,"excel to pdf"
191,"excel to pdf 4",0,1,"excel to pdf"
192,"excel to pdf 500kb",0,1,"excel to pdf"
193,"excel to pdf a4 size",0,1,"excel to pdf"
194,"excel to pdf bulk",0,1,"excel to pdf"
195,"excel to pdf download",0,1,"excel to pdf"
196,"excel to pdf editor",0,1,"excel to pdf"
197,"excel to pdf generator",0,1,"excel to pdf"
198,"excel to pdf how to convert",0,1,"excel to pdf"
199,"excel to pdf jpg",0,1,"excel to pdf"
200,"excel to pdf kaise banaye",0,1,"excel to pdf"
201,"excel to pdf merge",0,1,"excel to pdf"
202,"excel to pdf notes",0,1,"excel to pdf"
203,"excel to pdf pdfgear",0,1,"excel to pdf"
204,"excel to pdf question",0,1,"excel to pdf"
205,"excel to pdf reader",0,1,"excel to pdf"
206,"excel to pdf sejda",0,1,"excel to pdf"
207,"excel to pdf tamil",0,1,"excel to pdf"
208,"excel to pdf trackid sp 006",0,1,"excel to pdf"
209,"excel to pdf ukuran f4",0,1,"excel to pdf"
210,"excel to pdf video",0,1,"excel to pdf"
211,"excel to pdf windows 7",0,1,"excel to pdf"
212,"excel to pdf xodo",0,1,"excel to pdf"
213,"excel to pdf youtube",0,1,"excel to pdf"
214,"excel to pdf zamzar",0,1,"excel to pdf"
215,"excel to pdf24",0,1,"excel to pdf"
216,"free compress pdf",0,1,"compress pdf"
217,"free excel to pdf",0,1,"excel to pdf"
218,"free jpg to pdf converter",0,1,"jpg to pdf"
219,"free merge pdf",0,1,"merge pdf"
220,"free pdf to excel converter online",0,1,"pdf to excel"
221,"free pdf to jpg converter",0,1,"pdf to jpg"
222,"free pdf to ppt converter",0,1,"pdf to ppt"
223,"free pdf to word converter",0,1,"pdf to word"
224,"free rotate pdf",0,1,"rotate pdf"
225,"free split pdf",0,1,"split pdf"
226,"free watermark pdf",0,1,"watermark pdf"
227,"free word to pdf converter",0,1,"word to pdf"
228,"how to compress pdf file size",0,1,"compress pdf"
229,"how to excel to pdf",0,1,"excel to pdf"
230,"how to jpg to pdf",0,1,"jpg to pdf"
231,"how to merge pdf files",0,1,"merge pdf"
232,"how to pdf to excel converter",0,1,"pdf to excel"
233,"how to pdf to jpg converter",0,1,"pdf to jpg"
234,"how to pdf to ppt",0,1,"pdf to ppt"
235,"how to pdf to word converter",0,1,"pdf to word"
236,"how to rotate pdf file and save",0,1,"rotate pdf"
237,"how to split pdf pages",0,1,"split pdf"
238,"how to watermark pdf",0,1,"watermark pdf"
239,"how to word to pdf converter",0,1,"word to pdf"
240,"jpg to pdf 0.5 mb",0,1,"jpg to pdf"
241,"jpg to pdf 400kb",0,1,"jpg to pdf"
242,"jpg to pdf 500kb",0,1,"jpg to pdf"
243,"jpg to pdf 600kb",0,1,"jpg to pdf"
244,"jpg to pdf 70 kb",0,1,"jpg to pdf"
245,"jpg to pdf 80 kb",0,1,"jpg to pdf"
246,"jpg to pdf 90 kb",0,1,"jpg to pdf"
247,"jpg to pdf and merge",0,1,"jpg to pdf"
248,"jpg to pdf below 200kb",0,1,"jpg to pdf"
249,"jpg to pdf download",0,1,"jpg to pdf"
250,"jpg to pdf editor",0,1,"jpg to pdf"
251,"jpg to pdf good quality",0,1,"jpg to pdf"
252,"jpg to pdf high quality",0,1,"jpg to pdf"
253,"jpg to pdf joiner",0,1,"jpg to pdf"
254,"jpg to pdf kb",0,1,"jpg to pdf"
255,"jpg to pdf less than 200kb",0,1,"jpg to pdf"
256,"jpg to pdf no compression",0,1,"jpg to pdf"
257,"jpg to pdf pi7",0,1,"jpg to pdf"
258,"jpg to pdf quality high",0,1,"jpg to pdf"
259,"jpg to pdf resize",0,1,"jpg to pdf"
260,"jpg to pdf sejda",0,1,"jpg to pdf"
261,"jpg to pdf under 200kb",0,1,"jpg to pdf"
262,"jpg to pdf video",0,1,"jpg to pdf"
263,"jpg to pdf xodo",0,1,"jpg to pdf"
264,"jpg to pdf youtube",0,1,"jpg to pdf"
265,"jpg to pdf zon",0,1,"jpg to pdf"
266,"merge pdf",0,1,"merge pdf"
267,"merge pdf 0d 0a",0,1,"merge pdf"
268,"merge pdf 200kb",0,1,"merge pdf"
269,"merge pdf 300 kb",0,1,"merge pdf"
270,"merge pdf 400 kb",0,1,"merge pdf"
271,"merge pdf 500kb",0,1,"merge pdf"
272,"merge pdf 600kb",0,1,"merge pdf"
273,"merge pdf 7i",0,1,"merge pdf"
274,"merge pdf 800kb",0,1,"merge pdf"
275,"merge pdf 900kb",0,1,"merge pdf"
276,"merge pdf app",0,1,"merge pdf"
277,"merge pdf big pdf",0,1,"merge pdf"
278,"merge pdf converter",0,1,"merge pdf"
279,"merge pdf documents",0,1,"merge pdf"
280,"merge pdf editor online",0,1,"merge pdf"
281,"merge pdf gear",0,1,"merge pdf"
282,"merge pdf high quality",0,1,"merge pdf"
283,"merge pdf jpg",0,1,"merge pdf"
284,"merge pdf ko alag kaise kare",0,1,"merge pdf"
285,"merge pdf large files free",0,1,"merge pdf"
286,"merge pdf maker",0,1,"merge pdf"
287,"merge pdf neevia",0,1,"merge pdf"
288,"merge pdf quickly",0,1,"merge pdf"
289,"merge pdf remove pages",0,1,"merge pdf"
290,"merge pdf sejda",0,1,"merge pdf"
291,"merge pdf under 500kb",0,1,"merge pdf"
292,"merge pdf vertically",0,1,"merge pdf"
293,"merge pdf with image",0,1,"merge pdf"
294,"merge pdf xodo",0,1,"merge pdf"
295,"merge pdf yang aman",0,1,"merge pdf"
296,"merge pdf zon",0,1,"merge pdf"
297,"ocr pdf",0,1,"ocr pdf"
298,"ocr pdf 11zon",0,1,"ocr pdf"
299,"ocr pdf 300 pages",0,1,"ocr pdf"
300,"ocr pdf 400 pages",0,1,"ocr pdf"
301,"ocr pdf adobe",0,1,"ocr pdf"
302,"ocr pdf big file",0,1,"ocr pdf"
303,"ocr pdf download",0,1,"ocr pdf"
304,"ocr pdf free",0,1,"ocr pdf"
305,"ocr pdf github",0,1,"ocr pdf"
306,"ocr pdf hindi",0,1,"ocr pdf"
307,"ocr pdf ilovepdf",0,1,"ocr pdf"
308,"ocr pdf japanese",0,1,"ocr pdf"
309,"ocr pdf kya hota hai",0,1,"ocr pdf"
310,"ocr pdf large files free",0,1,"ocr pdf"
311,"ocr pdf no limit",0,1,"ocr pdf"
312,"ocr pdf pdf24",0,1,"ocr pdf"
313,"ocr pdf que es",0,1,"ocr pdf"
314,"ocr pdf reader",0,1,"ocr pdf"
315,"ocr pdf scanner",0,1,"ocr pdf"
316,"ocr pdf unlimited pages",0,1,"ocr pdf"
317,"ocr pdf viewer",0,1,"ocr pdf"
318,"ocr pdf what is",0,1,"ocr pdf"
319,"ocr pdf xchange editor",0,1,"ocr pdf"
320,"ocr pdf youtube",0,1,"ocr pdf"
321,"ocr pdf zotero",0,1,"ocr pdf"
322,"ocr pdf24 tools",0,1,"ocr pdf"
323,"online compress pdf",0,1,"compress pdf"
324,"online excel to pdf converter",0,1,"excel to pdf"
325,"online jpg to pdf converter",0,1,"jpg to pdf"
326,"online merge pdf",0,1,"merge pdf"
327,"online pdf to excel converter",0,1,"pdf to excel"
328,"online pdf to jpg converter",0,1,"pdf to jpg"
329,"online pdf to ppt converter",0,1,"pdf to ppt"
330,"online pdf to word converter",0,1,"pdf to word"
331,"online rotate pdf",0,1,"rotate pdf"
332,"online split pdf",0,1,"split pdf"
333,"online watermark pdf",0,1,"watermark pdf"
334,"online word to pdf converter",0,1,"word to pdf"
335,"pdf rotate just one page",0,1,"rotate pdf"
336,"pdf to excel 1 sheet",0,1,"pdf to excel"
337,"pdf to excel 24",0,1,"pdf to excel"
338,"pdf to excel 3",0,1,"pdf to excel"
339,"pdf to excel 4",0,1,"pdf to excel"
340,"pdf to excel ai converter",0,1,"pdf to excel"
341,"pdf to excel download",0,1,"pdf to excel"
342,"pdf to excel editable converter",0,1,"pdf to excel"
343,"pdf to excel google sheets",0,1,"pdf to excel"
344,"pdf to excel how to convert",0,1,"pdf to excel"
345,"pdf to excel jobs",0,1,"pdf to excel"
346,"pdf to excel kaise kare",0,1,"pdf to excel"
347,"pdf to excel large file converter free",0,1,"pdf to excel"
348,"pdf to excel merger",0,1,"pdf to excel"
349,"pdf to excel nanonets",0,1,"pdf to excel"
350,"pdf to excel pdf24",0,1,"pdf to excel"
351,"pdf to excel quick converter",0,1,"pdf to excel"
352,"pdf to excel razor",0,1,"pdf to excel"
353,"pdf to excel table converter",0,1,"pdf to excel"
354,"pdf to excel using excel",0,1,"pdf to excel"
355,"pdf to excel viewer",0,1,"pdf to excel"
356,"pdf to excel youtube",0,1,"pdf to excel"
357,"pdf to excel zamzar",0,1,"pdf to excel"
358,"pdf to jpg",0,1,"pdf to jpg"
359,"pdf to jpg 0.25 mb",0,1,"pdf to jpg"
360,"pdf to jpg 100 kb",0,1,"pdf to jpg"
361,"pdf to jpg 200kb",0,1,"pdf to jpg"
362,"pdf to jpg 300 kb",0,1,"pdf to jpg"
363,"pdf to jpg 40 kb",0,1,"pdf to jpg"
364,"pdf to jpg 50 kb",0,1,"pdf to jpg"
365,"pdf to jpg 600 dpi",0,1,"pdf to jpg"
366,"pdf to jpg 70 kb",0,1,"pdf to jpg"
367,"pdf to jpg 80 kb",0,1,"pdf to jpg"
368,"pdf to jpg 90 kb",0,1,"pdf to jpg"
369,"pdf to jpg and compress",0,1,"pdf to jpg"
370,"pdf to jpg below 200kb",0,1,"pdf to jpg"
371,"pdf to jpg download",0,1,"pdf to jpg"
372,"pdf to jpg editor",0,1,"pdf to jpg"
373,"pdf to jpg good quality",0,1,"pdf to jpg"
374,"pdf to jpg jpg",0,1,"pdf to jpg"
375,"pdf to jpg kb converter",0,1,"pdf to jpg"
376,"pdf to jpg less than 200kb",0,1,"pdf to jpg"
377,"pdf to jpg merge",0,1,"pdf to jpg"
378,"pdf to jpg no size limit",0,1,"pdf to jpg"
379,"pdf to jpg pi7",0,1,"pdf to jpg"
380,"pdf to jpg quality",0,1,"pdf to jpg"
381,"pdf to jpg resize",0,1,"pdf to jpg"
382,"pdf to jpg sejda",0,1,"pdf to jpg"
383,"pdf to jpg under 100kb",0,1,"pdf to jpg"
384,"pdf to jpg video",0,1,"pdf to jpg"
385,"pdf to jpg xodo",0,1,"pdf to jpg"
386,"pdf to jpg youtube",0,1,"pdf to jpg"
387,"pdf to jpg zamzar",0,1,"pdf to jpg"
388,"pdf to ppt 0d 0a",0,1,"pdf to ppt"
389,"pdf to ppt 100 mb",0,1,"pdf to ppt"
390,"pdf to ppt 16 9",0,1,"pdf to ppt"
391,"pdf to ppt 200 mb",0,1,"pdf to ppt"
392,"pdf to ppt 300 mb",0,1,"pdf to ppt"
393,"pdf to ppt 40 mb",0,1,"pdf to ppt"
394,"pdf to ppt 50 mb",0,1,"pdf to ppt"
395,"pdf to ppt 60 mb",0,1,"pdf to ppt"
396,"pdf to ppt best converter",0,1,"pdf to ppt"
397,"pdf to ppt download",0,1,"pdf to ppt"
398,"pdf to ppt editor online free",0,1,"pdf to ppt"
399,"pdf to ppt generator",0,1,"pdf to ppt"
400,"pdf to ppt i love pdf",0,1,"pdf to ppt"
401,"pdf to ppt jpg",0,1,"pdf to ppt"
402,"pdf to ppt kaise banaye",0,1,"pdf to ppt"
403,"pdf to ppt large file",0,1,"pdf to ppt"
404,"pdf to ppt maker",0,1,"pdf to ppt"
405,"pdf to ppt presentation",0,1,"pdf to ppt"
406,"pdf to ppt reddit",0,1,"pdf to ppt"
407,"pdf to ppt slide converter",0,1,"pdf to ppt"
408,"pdf to ppt transfer",0,1,"pdf to ppt"
409,"pdf to ppt using ai",0,1,"pdf to ppt"
410,"pdf to ppt video converter",0,1,"pdf to ppt"
411,"pdf to ppt yang bisa di edit",0,1,"pdf to ppt"
412,"pdf to ppt zamzar",0,1,"pdf to ppt"
413,"pdf to word",0,1,"pdf to word"
414,"pdf to word 0d 0a",0,1,"pdf to word"
415,"pdf to word 11zon",0,1,"pdf to word"
416,"pdf to word 24",0,1,"pdf to word"
417,"pdf to word 3",0,1,"pdf to word"
418,"pdf to word 4",0,1,"pdf to word"
419,"pdf to word 50 mb file",0,1,"pdf to word"
420,"pdf to word 7i",0,1,"pdf to word"
421,"pdf to word 97",0,1,"pdf to word"
422,"pdf to word ai",0,1,"pdf to word"
423,"pdf to word bulk converter",0,1,"pdf to word"
424,"pdf to word document",0,1,"pdf to word"
425,"pdf to word gear",0,1,"pdf to word"
426,"pdf to word hindi font",0,1,"pdf to word"
427,"pdf to word jpeg converter",0,1,"pdf to word"
428,"pdf to word kruti dev converter",0,1,"pdf to word"
429,"pdf to word love pdf",0,1,"pdf to word"
430,"pdf to word multiple files",0,1,"pdf to word"
431,"pdf to word no ocr",0,1,"pdf to word"
432,"pdf to word pdf gear",0,1,"pdf to word"
433,"pdf to word quillbot",0,1,"pdf to word"
434,"pdf to word resume",0,1,"pdf to word"
435,"pdf to word sejda",0,1,"pdf to word"
436,"pdf to word text converter",0,1,"pdf to word"
437,"pdf to word using ocr free",0,1,"pdf to word"
438,"pdf to word viewer",0,1,"pdf to word"
439,"pdf to word yang bisa di edit",0,1,"pdf to word"
440,"pdf to word zamzar",0,1,"pdf to word"
441,"pdf watermark remover 100 mb",0,1,"watermark pdf"
442,"quitar watermark pdf",0,1,"watermark pdf"
443,"remove watermark from pdf 500 pages",0,1,"watermark pdf"
444,"rotate pdf 24",0,1,"rotate pdf"
445,"rotate pdf 360",0,1,"rotate pdf"
446,"rotate pdf 45 degrees",0,1,"rotate pdf"
447,"rotate pdf 5 degrees",0,1,"rotate pdf"
448,"rotate pdf 90 degrees",0,1,"rotate pdf"
449,"rotate pdf and save",0,1,"rotate pdf"
450,"rotate pdf app",0,1,"rotate pdf"
451,"rotate pdf by page",0,1,"rotate pdf"
452,"rotate pdf converter",0,1,"rotate pdf"
453,"rotate pdf document",0,1,"rotate pdf"
454,"rotate pdf gear",0,1,"rotate pdf"
455,"rotate pdf horizontal to vertical",0,1,"rotate pdf"
456,"rotate pdf keyboard shortcut",0,1,"rotate pdf"
457,"rotate pdf landscape to portrait",0,1,"rotate pdf"
458,"rotate pdf multiple pages",0,1,"rotate pdf"
459,"rotate pdf not saving",0,1,"rotate pdf"
460,"rotate pdf o",0,1,"rotate pdf"
461,"rotate pdf quick key",0,1,"rotate pdf"
462,"rotate pdf right",0,1,"rotate pdf"
463,"rotate pdf upside down",0,1,"rotate pdf"
464,"rotate pdf vertical to horizontal",0,1,"rotate pdf"
465,"rotate pdf windows",0,1,"rotate pdf"
466,"rotate pdf xchange editor",0,1,"rotate pdf"
467,"rotate pdf zon",0,1,"rotate pdf"
468,"rotate your pdf",0,1,"rotate pdf"
469,"split pdf",0,1,"split pdf"
470,"split pdf 0d 0a",0,1,"split pdf"
471,"split pdf 300mb",0,1,"split pdf"
472,"split pdf 400mb",0,1,"split pdf"
473,"split pdf 5mb",0,1,"split pdf"
474,"split pdf 600mb",0,1,"split pdf"
475,"split pdf 7",0,1,"split pdf"
476,"split pdf and merge",0,1,"split pdf"
477,"split pdf based on size",0,1,"split pdf"
478,"split pdf converter",0,1,"split pdf"
479,"split pdf documents",0,1,"split pdf"
480,"split pdf editor",0,1,"split pdf"
481,"split pdf gear",0,1,"split pdf"
482,"split pdf horizontally",0,1,"split pdf"
483,"split pdf in two parts",0,1,"split pdf"
484,"split pdf into 8 parts",0,1,"split pdf"
485,"split pdf into 9 parts",0,1,"split pdf"
486,"split pdf jpg",0,1,"split pdf"
487,"split pdf ka matlab",0,1,"split pdf"
488,"split pdf love pdf",0,1,"split pdf"
489,"split pdf means",0,1,"split pdf"
490,"split pdf no limit",0,1,"split pdf"
491,"split pdf quick online free pdf24",0,1,"split pdf"
492,"split pdf remove pages",0,1,"split pdf"
493,"split pdf sejda",0,1,"split pdf"
494,"split pdf under 200kb",0,1,"split pdf"
495,"split pdf vertically",0,1,"split pdf"
496,"split pdf xchange editor",0,1,"split pdf"
497,"split pdf yang aman",0,1,"split pdf"
498,"split pdf zon",0,1,"split pdf"
499,"split pdf24",0,1,"split pdf"
500,"the best pdf watermark",0,1,"watermark pdf"
501,"watermark as nzs 3718 pdf",0,1,"watermark pdf"
502,"watermark pdf adder",0,1,"watermark pdf"
503,"watermark pdf app",0,1,"watermark pdf"
504,"watermark pdf bluebeam",0,1,"watermark pdf"
505,"watermark pdf candy",0,1,"watermark pdf"
506,"watermark pdf for free",0,1,"watermark pdf"
507,"watermark pdf gratis",0,1,"watermark pdf"
508,"watermark pdf how to",0,1,"watermark pdf"
509,"watermark pdf js",0,1,"watermark pdf"
510,"watermark pdf kofax",0,1,"watermark pdf"
511,"watermark pdf linux",0,1,"watermark pdf"
512,"watermark pdf maker",0,1,"watermark pdf"
513,"watermark pdf nitro",0,1,"watermark pdf"
514,"watermark pdf pages",0,1,"watermark pdf"
515,"watermark pdf tool",0,1,"watermark pdf"
516,"watermark pdf ubuntu",0,1,"watermark pdf"
517,"watermark pdf xchange editor",0,1,"watermark pdf"
518,"watermark pdf24",0,1,"watermark pdf"
519,"watermark visual pdf",0,1,"watermark pdf"
520,"watermark your pdf",0,1,"watermark pdf"
521,"word to pdf",0,1,"word to pdf"
522,"word to pdf 0d 0a",0,1,"word to pdf"
523,"word to pdf 11zon",0,1,"word to pdf"
524,"word to pdf 200kb",0,1,"word to pdf"
525,"word to pdf 300 kb",0,1,"word to pdf"
526,"word to pdf 400kb",0,1,"word to pdf"
527,"word to pdf 500 kb",0,1,"word to pdf"
528,"word to pdf 600 dpi",0,1,"word to pdf"
529,"word to pdf 7",0,1,"word to pdf"
530,"word to pdf 90 kb",0,1,"word to pdf"
531,"word to pdf adobe",0,1,"word to pdf"
532,"word to pdf bulk converter",0,1,"word to pdf"
533,"word to pdf download",0,1,"word to pdf"
534,"word to pdf editor",0,1,"word to pdf"
535,"word to pdf generator",0,1,"word to pdf"
536,"word to pdf in i love pdf",0,1,"word to pdf"
537,"word to pdf jpg",0,1,"word to pdf"
538,"word to pdf kaise banaye",0,1,"word to pdf"
539,"word to pdf love",0,1,"word to pdf"
540,"word to pdf maker",0,1,"word to pdf"
541,"word to pdf non editable",0,1,"word to pdf"
542,"word to pdf pdf candy",0,1,"word to pdf"
543,"word to pdf quillbot",0,1,"word to pdf"
544,"word to pdf resume converter free",0,1,"word to pdf"
545,"word to pdf soda",0,1,"word to pdf"
546,"word to pdf unlimited",0,1,"word to pdf"
547,"word to pdf xps converter free download",0,1,"word to pdf"
548,"word to pdf youtube",0,1,"word to pdf"
549,"word to pdf zamzar",0,1,"word to pdf"
550,"how to rotate pdf",1,7,"rotate pdf"
551,"split pdf by size",1,7,"split pdf"
552,"can you add a watermark to a pdf",1,6,"watermark pdf"
553,"pdf to excel converter online free",1,5,"pdf to excel"
554,"pdf to excel online",1,5,"pdf to excel"
555,"pdf to ppt converter online",1,5,"pdf to ppt"
556,"pdf to word converter online free",1,5,"pdf to word"
557,"rotate pdf online free",1,5,"rotate pdf"
558,"watermark pdf example",1,5,"watermark pdf"
559,"watermark pdf online free",1,5,"watermark pdf"
560,"what is watermark in pdf",1,5,"watermark pdf"
561,"word to pdf converter online free",1,5,"word to pdf"
562,"compress pdf online free",1,4,"compress pdf"
563,"compress pdf to 500kb",1,4,"compress pdf"
564,"excel to pdf converter online",1,4,"excel to pdf"
565,"jpg to pdf converter online",1,4,"jpg to pdf"
566,"merge pdf and jpg",1,4,"merge pdf"
567,"merge pdf online free",1,4,"merge pdf"
568,"pdf to jpg converter",1,4,"pdf to jpg"
569,"split pdf online free",1,4,"split pdf"
570,"watermark pdf in preview",1,4,"watermark pdf"
571,"how to convert pdf to ppt in powerpoint",1,3,"pdf to ppt"
572,"ocr pdf to word converter",1,3,"ocr pdf"
573,"pdf to excel in single sheet",1,3,"pdf to excel"
574,"pdf to word online converter",1,3,"pdf to word"
575,"rotate pdf pages online",1,3,"rotate pdf"
576,"split pdf file",1,3,"split pdf"
577,"split pdf i love pdf",1,3,"split pdf"
578,"split pdf pages free",1,3,"split pdf"
579,"split pdf without losing quality",1,3,"split pdf"
580,"watermark pdf image",1,3,"watermark pdf"
581,"watermark pdf remover online",1,3,"watermark pdf"
582,"11zon ppt to pdf",1,2,"pdf to ppt"
583,"compress pdf app free",1,2,"compress pdf"
584,"compress pdf free online",1,2,"compress pdf"
585,"compress pdf in 1 mb",1,2,"compress pdf"
586,"compress pdf without losing quality online free",1,2,"compress pdf"
587,"excel to pdf app download",1,2,"excel to pdf"
588,"excel to pdf free converter",1,2,"excel to pdf"
589,"excel to pdf high quality",1,2,"excel to pdf"
590,"excel to pdf in landscape",1,2,"excel to pdf"
591,"excel to pdf online converter",1,2,"excel to pdf"
592,"excel to pdf to excel",1,2,"excel to pdf"
593,"excel to pdf without changing date format",1,2,"excel to pdf"
594,"jpg to pdf free online converter",1,2,"jpg to pdf"
595,"jpg to pdf in kb",1,2,"jpg to pdf"
596,"jpg to pdf online converter",1,2,"jpg to pdf"
597,"jpg to pdf to 500kb",1,2,"jpg to pdf"
598,"jpg to pdf without losing quality free",1,2,"jpg to pdf"
599,"merge pdf free download",1,2,"merge pdf"
600,"merge pdf in one pdf",1,2,"merge pdf"
601,"merge pdf to single pdf",1,2,"merge pdf"
602,"merge pdf without limit",1,2,"merge pdf"
603,"o'que significa ocr pdf",1,2,"ocr pdf"
604,"pdf to excel 0d 0a",1,2,"pdf to excel"
605,"pdf to excel 30 mb",1,2,"pdf to excel"
606,"pdf to excel 500 pages free",1,2,"pdf to excel"
607,"pdf to excel 60 mb",1,2,"pdf to excel"
608,"pdf to excel 97 2003",1,2,"pdf to excel"
609,"pdf to excel free converter online",1,2,"pdf to excel"
610,"pdf to excel to pdf",1,2,"pdf to excel"
611,"pdf to excel utf 8",1,2,"pdf to excel"
612,"pdf to excel without changing format",1,2,"pdf to excel"
613,"pdf to excel xlsx converter",1,2,"pdf to excel"
614,"pdf to jpg free converter",1,2,"pdf to jpg"
615,"pdf to jpg in 100 kb",1,2,"pdf to jpg"
616,"pdf to jpg online free",1,2,"pdf to jpg"
617,"pdf to jpg to converter",1,2,"pdf to jpg"
618,"pdf to jpg without password",1,2,"pdf to jpg"
619,"pdf to ppt free download",1,2,"pdf to ppt"
620,"pdf to ppt high quality free",1,2,"pdf to ppt"
621,"pdf to ppt in laptop",1,2,"pdf to ppt"
622,"pdf to ppt online free",1,2,"pdf to ppt"
623,"pdf to ppt without changing format free",1,2,"pdf to ppt"
624,"pdf to pptx converter",1,2,"pdf to ppt"
625,"pdf to word 97 2003 converter",1,2,"pdf to word"
626,"pdf to word app download",1,2,"pdf to word"
627,"pdf to word free converter online",1,2,"pdf to word"
628,"pdf to word in tamil font",1,2,"pdf to word"
629,"pdf to word ocr",1,2,"pdf to word"
630,"pdf to word quality",1,2,"pdf to word"
631,"pdf to word to converter",1,2,"pdf to word"
632,"pdf to word without losing formatting",1,2,"pdf to word"
633,"rotate pdf in laptop shortcut key",1,2,"rotate pdf"
634,"rotate pdf to portrait",1,2,"rotate pdf"
635,"rotate pdf without adobe pro",1,2,"rotate pdf"
636,"split pdf 100 kb",1,2,"split pdf"
637,"split pdf free no limit",1,2,"split pdf"
638,"split pdf to jpg",1,2,"split pdf"
639,"watermark pdf free online",1,2,"watermark pdf"
640,"watermark to pdf",1,2,"watermark pdf"
641,"word to pdf 8",1,2,"pdf to word"
642,"word to pdf app download",1,2,"word to pdf"
643,"word to pdf free converter",1,2,"word to pdf"
644,"word to pdf in tamil",1,2,"word to pdf"
645,"word to pdf online converter",1,2,"word to pdf"
646,"word to pdf to word converter online free",1,2,"word to pdf"
647,"word to pdf without changing font and alignment",1,2,"word to pdf"
648,"add watermark to pdf without acrobat",1,1,"watermark pdf"
649,"best compress pdf online",1,1,"compress pdf"
650,"best excel to pdf converter free",1,1,"excel to pdf"
651,"best jpg to pdf converter free",1,1,"jpg to pdf"
652,"best merge pdf free",1,1,"merge pdf"
653,"best pdf split and merge software",1,1,"split pdf"
654,"best pdf to excel converter online free",1,1,"pdf to excel"
655,"best pdf to jpg converter",1,1,"pdf to jpg"
656,"best pdf to ppt converter ai",1,1,"pdf to ppt"
657,"best pdf to word converter online free",1,1,"pdf to word"
658,"best pdf watermark remover",1,1,"watermark pdf"
659,"best software to rotate pdf",1,1,"rotate pdf"
660,"best word to pdf converter free",1,1,"word to pdf"
661,"compress pdf 0.5 mb online free",1,1,"compress pdf"
662,"compress pdf 100kb",1,1,"compress pdf"
663,"compress pdf 2mb",1,1,"compress pdf"
664,"compress pdf 3 mb",1,1,"compress pdf"
665,"compress pdf 4 mb",1,1,"compress pdf"
666,"compress pdf 5mb",1,1,"compress pdf"
667,"compress pdf 60 kb",1,1,"compress pdf"
668,"compress pdf 7mb to 4mb",1,1,"compress pdf"
669,"compress pdf 80 kb",1,1,"compress pdf"
670,"compress pdf 90 kb",1,1,"compress pdf"
671,"compress pdf below 1 mb",1,1,"compress pdf"
672,"compress pdf compressor",1,1,"compress pdf"
673,"compress pdf docupub",1,1,"compress pdf"
674,"compress pdf extreme free",1,1,"compress pdf"
675,"compress pdf guru",1,1,"compress pdf"
676,"compress pdf high",1,1,"compress pdf"
677,"compress pdf into 1 mb",1,1,"compress pdf"
678,"compress pdf jpeg",1,1,"compress pdf"
679,"compress pdf kb",1,1,"compress pdf"
680,"compress pdf less than 1mb",1,1,"compress pdf"
681,"compress pdf mb",1,1,"compress pdf"
682,"compress pdf no limit",1,1,"compress pdf"
683,"compress pdf pi",1,1,"compress pdf"
684,"compress pdf quality high",1,1,"compress pdf"
685,"compress pdf resize",1,1,"compress pdf"
686,"compress pdf size online",1,1,"compress pdf"
687,"compress pdf under 500kb",1,1,"compress pdf"
688,"compress pdf very small",1,1,"compress pdf"
689,"compress pdf within 1 mb",1,1,"compress pdf"
690,"compress pdf xchange editor",1,1,"compress pdf"
691,"compress pdf zone 11",1,1,"compress pdf"
692,"convert pdf to jpg youtube",1,1,"pdf to jpg"
693,"convert pdf to ppt jpg",1,1,"pdf to ppt"
694,"excel to pdf 1 page only",1,1,"excel to pdf"
695,"excel to pdf 3 pages",1,1,"excel to pdf"
696,"excel to pdf 5mb converter",1,1,"excel to pdf"
697,"excel to pdf a4 size converter",1,1,"excel to pdf"
698,"excel to pdf bank statement",1,1,"excel to pdf"
699,"excel to pdf download free",1,1,"excel to pdf"
700,"excel to pdf editor free online",1,1,"excel to pdf"
701,"excel to pdf for free",1,1,"excel to pdf"
702,"excel to pdf gujarati",1,1,"excel to pdf"
703,"excel to pdf horizontal",1,1,"excel to pdf"
704,"excel to pdf job",1,1,"excel to pdf"
705,"excel to pdf kaise kare",1,1,"excel to pdf"
706,"excel to pdf landscape converter",1,1,"excel to pdf"
707,"excel to pdf maker",1,1,"excel to pdf"
708,"excel to pdf not showing all columns",1,1,"excel to pdf"
709,"excel to pdf pdf24",1,1,"excel to pdf"
710,"excel to pdf reduce size",1,1,"excel to pdf"
711,"excel to pdf single page",1,1,"excel to pdf"
712,"excel to pdf using python",1,1,"excel to pdf"
713,"excel to pdf viewer",1,1,"excel to pdf"
714,"excel to pdf with lines",1,1,"excel to pdf"
715,"excel to pdf yatay",1,1,"excel to pdf"
716,"excel to pdf zamar",1,1,"excel to pdf"
717,"excel to pdf24 tools",1,1,"excel to pdf"
718,"free compress pdf to 200kb",1,1,"compress pdf"
719,"free excel to pdf converter",1,1,"excel to pdf"
720,"free jpg to pdf converter online",1,1,"jpg to pdf"
721,"free merge pdf files",1,1,"merge pdf"
722,"free pdf to excel converter",1,1,"pdf to excel"
723,"free pdf to jpg converter online",1,1,"pdf to jpg"
724,"free pdf to ppt converter online",1,1,"pdf to ppt"
725,"free pdf to word converter online",1,1,"pdf to word"
726,"free rotate pdf online",1,1,"rotate pdf"
727,"free split pdf online",1,1,"split pdf"
728,"free watermark pdf online",1,1,"watermark pdf"
729,"free word to pdf converter online",1,1,"word to pdf"
730,"how to compress pdf",1,1,"compress pdf"
731,"how to excel to pdf converter",1,1,"excel to pdf"
732,"how to jpg to pdf converter",1,1,"jpg to pdf"
733,"how to merge pdf files into one",1,1,"merge pdf"
734,"how to pdf to excel",1,1,"pdf to excel"
735,"how to pdf to jpg",1,1,"pdf to jpg"
736,"how to pdf to ppt converter",1,1,"pdf to ppt"
737,"how to pdf to word",1,1,"pdf to word"
738,"how to rotate in pdf xchange",1,1,"rotate pdf"
739,"how to rotate pdf file",1,1,"rotate pdf"
740,"how to split pdf",1,1,"split pdf"
741,"how to watermark pdf on mac",1,1,"watermark pdf"
742,"how to word to pdf",1,1,"word to pdf"
743,"jpg to pdf 0d 0a",1,1,"jpg to pdf"
744,"jpg to pdf 11zon",1,1,"jpg to pdf"
745,"jpg to pdf 2mb",1,1,"jpg to pdf"
746,"jpg to pdf 300 kb converter",1,1,"jpg to pdf"
747,"jpg to pdf 450 kb",1,1,"jpg to pdf"
748,"jpg to pdf 50 kb",1,1,"jpg to pdf"
749,"jpg to pdf 60 kb",1,1,"jpg to pdf"
750,"jpg to pdf 700kb",1,1,"jpg to pdf"
751,"jpg to pdf 800 kb",1,1,"jpg to pdf"
752,"jpg to pdf 900kb",1,1,"jpg to pdf"
753,"jpg to pdf add pages",1,1,"jpg to pdf"
754,"jpg to pdf app download",1,1,"jpg to pdf"
755,"jpg to pdf big pdf",1,1,"jpg to pdf"
756,"jpg to pdf document",1,1,"jpg to pdf"
757,"jpg to pdf edit",1,1,"jpg to pdf"
758,"jpg to pdf generator",1,1,"jpg to pdf"
759,"jpg to pdf hd quality",1,1,"jpg to pdf"
760,"jpg to pdf jpg to pdf jpg to pdf",1,1,"jpg to pdf"
761,"jpg to pdf kb converter",1,1,"jpg to pdf"
762,"jpg to pdf less than 1mb",1,1,"jpg to pdf"
763,"jpg to pdf merger",1,1,"jpg to pdf"
764,"jpg to pdf no margin",1,1,"jpg to pdf"
765,"jpg to pdf pi7 tool",1,1,"jpg to pdf"
766,"jpg to pdf quality",1,1,"jpg to pdf"
767,"jpg to pdf reduce size",1,1,"jpg to pdf"
768,"jpg to pdf scanner",1,1,"jpg to pdf"
769,"jpg to pdf under 300kb",1,1,"jpg to pdf"
770,"jpg to pdf video converter free",1,1,"jpg to pdf"
771,"jpg to pdf with high quality",1,1,"jpg to pdf"
772,"jpg to pdf yüksek kalite",1,1,"jpg to pdf"
773,"jpg to pdf zone 11",1,1,"jpg to pdf"
774,"kompres pdf yang bisa diatur ukurannya",1,1,"compress pdf"
775,"merge pdf 0",1,1,"merge pdf"
776,"merge pdf 11 zone",1,1,"merge pdf"
777,"merge pdf 3 mb",1,1,"merge pdf"
778,"merge pdf 4 pages into 1",1,1,"merge pdf"
779,"merge pdf 5mb",1,1,"merge pdf"
780,"merge pdf 60 files",1,1,"merge pdf"
781,"merge pdf 7",1,1,"merge pdf"
782,"merge pdf 80 kb",1,1,"merge pdf"
783,"merge pdf 90 kb",1,1,"merge pdf"
784,"merge pdf app free",1,1,"merge pdf"
785,"merge pdf below 500kb",1,1,"merge pdf"
786,"merge pdf compress",1,1,"merge pdf"
787,"merge pdf documents online",1,1,"merge pdf"
788,"merge pdf editor",1,1,"merge pdf"
789,"merge pdf google workspace",1,1,"merge pdf"
790,"merge pdf hd",1,1,"merge pdf"
791,"merge pdf into one pdf",1,1,"merge pdf"
792,"merge pdf jotform",1,1,"merge pdf"
793,"merge pdf kya hota hai",1,1,"merge pdf"
794,"merge pdf love pdf",1,1,"merge pdf"
795,"merge pdf means",1,1,"merge pdf"
796,"merge pdf no limit",1,1,"merge pdf"
797,"merge pdf pages online",1,1,"merge pdf"
798,"merge pdf quick online free pdf24",1,1,"merge pdf"
799,"merge pdf resizer",1,1,"merge pdf"
800,"merge pdf smallpdf",1,1,"merge pdf"
801,"merge pdf unlimited",1,1,"merge pdf"
802,"merge pdf vertically online",1,1,"merge pdf"
803,"merge pdf with jpg",1,1,"merge pdf"
804,"merge pdf xchange editor",1,1,"merge pdf"
805,"merge pdf y jpg",1,1,"merge pdf"
806,"merge pdf zip file",1,1,"merge pdf"
807,"merge pdf24",1,1,"merge pdf"
808,"ocr pdf 100 pages",1,1,"ocr pdf"
809,"ocr pdf 300 mb",1,1,"ocr pdf"
810,"ocr pdf acrobat",1,1,"ocr pdf"
811,"ocr pdf bluebeam",1,1,"ocr pdf"
812,"ocr pdf compressor",1,1,"ocr pdf"
813,"ocr pdf document",1,1,"ocr pdf"
814,"ocr pdf editor online",1,1,"ocr pdf"
815,"ocr pdf full form",1,1,"ocr pdf"
816,"ocr pdf generator",1,1,"ocr pdf"
817,"ocr pdf hebrew",1,1,"ocr pdf"
818,"ocr pdf into word",1,1,"ocr pdf"
819,"ocr pdf java",1,1,"ocr pdf"
820,"ocr pdf kofax",1,1,"ocr pdf"
821,"ocr pdf love",1,1,"ocr pdf"
822,"ocr pdf maker",1,1,"ocr pdf"
823,"ocr pdf n8n",1,1,"ocr pdf"
824,"ocr pdf online free",1,1,"ocr pdf"
825,"ocr pdf python",1,1,"ocr pdf"
826,"ocr pdf que significa",1,1,"ocr pdf"
827,"ocr pdf reader free",1,1,"ocr pdf"
828,"ocr pdf sejda",1,1,"ocr pdf"
829,"ocr pdf unlimited",1,1,"ocr pdf"
830,"ocr pdf vietnamese",1,1,"ocr pdf"
831,"ocr pdf website",1,1,"ocr pdf"
832,"ocr pdf xchange",1,1,"ocr pdf"
833,"ocr pdf yapma",1,1,"ocr pdf"
834,"ocr pdf za darmo",1,1,"ocr pdf"
835,"ocr pdf24",1,1,"ocr pdf"
836,"online compress pdf file",1,1,"compress pdf"
837,"online excel to pdf",1,1,"excel to pdf"
838,"online jpg to pdf",1,1,"jpg to pdf"
839,"online merge pdf files",1,1,"merge pdf"
840,"online pdf to excel converter free",1,1,"pdf to excel"
841,"online pdf to jpg",1,1,"pdf to jpg"
842,"online pdf to ppt converter free",1,1,"pdf to ppt"
843,"online pdf to word converter free",1,1,"pdf to word"
844,"online rotate pdf pages",1,1,"rotate pdf"
845,"online split pdf pages",1,1,"split pdf"
846,"online watermark pdf remover",1,1,"watermark pdf"
847,"online word to pdf converter free",1,1,"word to pdf"
848,"pdf ocr 4.8 1",1,1,"ocr pdf"
849,"pdf ppt to reviewer",1,1,"pdf to ppt"
850,"pdf rotate jpg",1,1,"rotate pdf"
851,"pdf split 6",1,1,"split pdf"
852,"pdf to excel 1000 pages free",1,1,"pdf to excel"
853,"pdf to excel 24 tools",1,1,"pdf to excel"
854,"pdf to excel 40 mb",1,1,"pdf to excel"
855,"pdf to excel ai",1,1,"pdf to excel"
856,"pdf to excel app free",1,1,"pdf to excel"
857,"pdf to excel bank statement",1,1,"pdf to excel"
858,"pdf to excel document",1,1,"pdf to excel"
859,"pdf to excel editable",1,1,"pdf to excel"
860,"pdf to excel github",1,1,"pdf to excel"
861,"pdf to excel hdfc bank statement",1,1,"pdf to excel"
862,"pdf to excel jobs freelance",1,1,"pdf to excel"
863,"pdf to excel kotak bank statement",1,1,"pdf to excel"
864,"pdf to excel large file",1,1,"pdf to excel"
865,"pdf to excel multiple files",1,1,"pdf to excel"
866,"pdf to excel no email",1,1,"pdf to excel"
867,"pdf to excel pdf to excel pdf to excel",1,1,"pdf to excel"
868,"pdf to excel quillbot",1,1,"pdf to excel"
869,"pdf to excel razor extract",1,1,"pdf to excel"
870,"pdf to excel sheet converter",1,1,"pdf to excel"
871,"pdf to excel table",1,1,"pdf to excel"
872,"pdf to excel unlock",1,1,"pdf to excel"
873,"pdf to excel with ocr free",1,1,"pdf to excel"
874,"pdf to jpg 0.5 mb",1,1,"pdf to jpg"
875,"pdf to jpg 11zon",1,1,"pdf to jpg"
876,"pdf to jpg 200 kb converter",1,1,"pdf to jpg"
877,"pdf to jpg 300 dpi",1,1,"pdf to jpg"
878,"pdf to jpg 400 kb",1,1,"pdf to jpg"
879,"pdf to jpg 500kb",1,1,"pdf to jpg"
880,"pdf to jpg 60 kb",1,1,"pdf to jpg"
881,"pdf to jpg 75 kb",1,1,"pdf to jpg"
882,"pdf to jpg 80 kb converter",1,1,"pdf to jpg"
883,"pdf to jpg 900kb",1,1,"pdf to jpg"
884,"pdf to jpg add",1,1,"pdf to jpg"
885,"pdf to jpg app download",1,1,"pdf to jpg"
886,"pdf to jpg below 50 kb",1,1,"pdf to jpg"
887,"pdf to jpg document",1,1,"pdf to jpg"
888,"pdf to jpg extract",1,1,"pdf to jpg"
889,"pdf to jpg format converter",1,1,"pdf to jpg"
890,"pdf to jpg gear",1,1,"pdf to jpg"
891,"pdf to jpg hd",1,1,"pdf to jpg"
892,"pdf to jpg image converter",1,1,"pdf to jpg"
893,"pdf to jpg joiner",1,1,"pdf to jpg"
894,"pdf to jpg kb",1,1,"pdf to jpg"
895,"pdf to jpg less than 100kb",1,1,"pdf to jpg"
896,"pdf to jpg multiple files",1,1,"pdf to jpg"
897,"pdf to jpg net",1,1,"pdf to jpg"
898,"pdf to jpg pdf converter",1,1,"pdf to jpg"
899,"pdf to jpg quality converter",1,1,"pdf to jpg"
900,"pdf to jpg reduce size",1,1,"pdf to jpg"
901,"pdf to jpg size reducer",1,1,"pdf to jpg"
902,"pdf to jpg under 200kb",1,1,"pdf to jpg"
903,"pdf to jpg video converter",1,1,"pdf to jpg"
904,"pdf to jpg word converter",1,1,"pdf to jpg"
905,"pdf to jpg xls",1,1,"pdf to jpg"
906,"pdf to jpg zip file",1,1,"pdf to jpg"
907,"pdf to ppt 25 mb",1,1,"pdf to ppt"
908,"pdf to ppt 30 mb",1,1,"pdf to ppt"
909,"pdf to ppt 4",1,1,"pdf to ppt"
910,"pdf to ppt 500mb",1,1,"pdf to ppt"
911,"pdf to ppt ai generator",1,1,"pdf to ppt"
912,"pdf to ppt app download",1,1,"pdf to ppt"
913,"pdf to ppt by ai",1,1,"pdf to ppt"
914,"pdf to ppt download free",1,1,"pdf to ppt"
915,"pdf to ppt editable",1,1,"pdf to ppt"
916,"pdf to ppt generator ai",1,1,"pdf to ppt"
917,"pdf to ppt how to convert",1,1,"pdf to ppt"
918,"pdf to ppt kya hota hai",1,1,"pdf to ppt"
919,"pdf to ppt love pdf",1,1,"pdf to ppt"
920,"pdf to ppt maker ai",1,1,"pdf to ppt"
921,"pdf to ppt no ocr",1,1,"pdf to ppt"
922,"pdf to ppt pi7",1,1,"pdf to ppt"
923,"pdf to ppt slides",1,1,"pdf to ppt"
924,"pdf to ppt template converter",1,1,"pdf to ppt"
925,"pdf to ppt to converter",1,1,"pdf to ppt"
926,"pdf to ppt trackid sp 006",1,1,"pdf to ppt"
927,"pdf to ppt up to 100mb",1,1,"pdf to ppt"
928,"pdf to ppt version",1,1,"pdf to ppt"
929,"pdf to ppt word converter",1,1,"pdf to ppt"
930,"pdf to ppt yang bagus",1,1,"pdf to ppt"
931,"pdf to ppt zon",1,1,"pdf to ppt"
932,"pdf to word 0",1,1,"pdf to word"
933,"pdf to word 11 zone",1,1,"pdf to word"
934,"pdf to word 24 tools",1,1,"pdf to word"
935,"pdf to word 30 mb",1,1,"pdf to word"
936,"pdf to word 40mb free",1,1,"pdf to word"
937,"pdf to word 500kb",1,1,"pdf to word"
938,"pdf to word 60 mb",1,1,"pdf to word"
939,"pdf to word 7pi",1,1,"pdf to word"
940,"pdf to word adobe",1,1,"pdf to word"
941,"pdf to word best converter",1,1,"pdf to word"
942,"pdf to word document converter",1,1,"pdf to word"
943,"pdf to word editor",1,1,"pdf to word"
944,"pdf to word file",1,1,"pdf to word"
945,"pdf to word generator",1,1,"pdf to word"
946,"pdf to word high quality",1,1,"pdf to word"
947,"pdf to word jpg",1,1,"pdf to word"
948,"pdf to word kurtidev10",1,1,"pdf to word"
949,"pdf to word large file",1,1,"pdf to word"
950,"pdf to word merge",1,1,"pdf to word"
951,"pdf to word no format change",1,1,"pdf to word"
952,"pdf to word pi7",1,1,"pdf to word"
953,"pdf to word reader",1,1,"pdf to word"
954,"pdf to word smallpdf",1,1,"pdf to word"
955,"pdf to word tamil font converter",1,1,"pdf to word"
956,"pdf to word using ocr",1,1,"pdf to word"
957,"pdf to word with ocr",1,1,"pdf to word"
958,"pdf to word xls",1,1,"pdf to word"
959,"pdf to word youtube",1,1,"pdf to word"
960,"pdf to word zon",1,1,"pdf to word"
961,"pdf watermark applier",1,1,"watermark pdf"
962,"pdf watermark background remover",1,1,"watermark pdf"
963,"pdf watermark remover unlimited",1,1,"watermark pdf"
964,"pdf xchange to excel",1,1,"excel to pdf"
965,"pdf zorro watermark remover",1,1,"watermark pdf"
966,"pi7 pdf to excel",1,1,"excel to pdf"
967,"ppt to pdf 6 slides per page",1,1,"pdf to ppt"
968,"remove watermark from pdf 11zon",1,1,"watermark pdf"
969,"remove watermark pdf24",1,1,"watermark pdf"
970,"rotate pdf 180 degrees online",1,1,"rotate pdf"
971,"rotate pdf 2nd page",1,1,"rotate pdf"
972,"rotate pdf 30 degrees",1,1,"rotate pdf"
973,"rotate pdf 45 degrees online",1,1,"rotate pdf"
974,"rotate pdf 90 degrees online",1,1,"rotate pdf"
975,"rotate pdf all pages online",1,1,"rotate pdf"
976,"rotate pdf apple files",1,1,"rotate pdf"
977,"rotate pdf by degrees",1,1,"rotate pdf"
978,"rotate pdf content",1,1,"rotate pdf"
979,"rotate pdf document online",1,1,"rotate pdf"
980,"rotate pdf editor online",1,1,"rotate pdf"
981,"rotate pdf free online",1,1,"rotate pdf"
982,"rotate pdf google drive",1,1,"rotate pdf"
983,"rotate pdf how",1,1,"rotate pdf"
984,"rotate pdf image",1,1,"rotate pdf"
985,"rotate pdf kofax",1,1,"rotate pdf"
986,"rotate pdf left",1,1,"rotate pdf"
987,"rotate pdf merge",1,1,"rotate pdf"
988,"rotate pdf nitro",1,1,"rotate pdf"
989,"rotate pdf qpdf",1,1,"rotate pdf"
990,"rotate pdf reddit",1,1,"rotate pdf"
991,"rotate pdf shortcut key",1,1,"rotate pdf"
992,"rotate pdf ubuntu",1,1,"rotate pdf"
993,"rotate pdf view",1,1,"rotate pdf"
994,"rotate pdf zotero",1,1,"rotate pdf"
995,"split a pdf",1,1,"split pdf"
996,"split pdf 2go",1,1,"split pdf"
997,"split pdf 3 parts",1,1,"split pdf"
998,"split pdf 4 parts",1,1,"split pdf"
999,"split pdf 500kb",1,1,"split pdf"
1000,"split pdf ai",1,1,"split pdf"
1001,"split pdf app download",1,1,"split pdf"
1002,"split pdf converter online",1,1,"split pdf"
1003,"split pdf document online",1,1,"split pdf"
1004,"split pdf editor online",1,1,"split pdf"
1005,"split pdf go",1,1,"split pdf"
1006,"split pdf half",1,1,"split pdf"
1007,"split pdf in mac",1,1,"split pdf"
1008,"split pdf into 8",1,1,"split pdf"
1009,"split pdf jadi satu satu",1,1,"split pdf"
1010,"split pdf kaise kare",1,1,"split pdf"
1011,"split pdf large file",1,1,"split pdf"
1012,"split pdf meaning in hindi",1,1,"split pdf"
1013,"split pdf no size limit",1,1,"split pdf"
1014,"split pdf pi 7",1,1,"split pdf"
1015,"split pdf quick",1,1,"split pdf"
1016,"split pdf range wise",1,1,"split pdf"
1017,"split pdf smallpdf",1,1,"split pdf"
1018,"split pdf unlimited",1,1,"split pdf"
1019,"split pdf vertically in half",1,1,"split pdf"
1020,"split pdf with digital signature",1,1,"split pdf"
1021,"split pdf xodo",1,1,"split pdf"
1022,"split pdf youtube",1,1,"split pdf"
1023,"split pdf zone",1,1,"split pdf"
1024,"split pin din 94 pdf",1,1,"split pdf"
1025,"stamp value pdf",1,1,"watermark pdf"
1026,"stamp your pdf",1,1,"watermark pdf"
1027,"turn your pdf into a book",1,1,"rotate pdf"
1028,"watermark customer service",1,1,"watermark pdf"
1029,"watermark kaise hataye pdf se",1,1,"watermark pdf"
1030,"watermark nuance pdf",1,1,"watermark pdf"
1031,"watermark pdf adobe",1,1,"watermark pdf"
1032,"watermark pdf canva",1,1,"watermark pdf"
1033,"watermark pdf document",1,1,"watermark pdf"
1034,"watermark pdf for free online",1,1,"watermark pdf"
1035,"watermark pdf generator",1,1,"watermark pdf"
1036,"watermark pdf java",1,1,"watermark pdf"
1037,"watermark pdf kya hota hai",1,1,"watermark pdf"
1038,"watermark pdf logo",1,1,"watermark pdf"
1039,"watermark pdf meaning",1,1,"watermark pdf"
1040,"watermark pdf pro",1,1,"watermark pdf"
1041,"watermark pdf sample",1,1,"watermark pdf"
1042,"watermark pdf word",1,1,"watermark pdf"
1043,"watermark pdf xchange",1,1,"watermark pdf"
1044,"watermark won't remove",1,1,"watermark pdf"
1045,"word to 0df pdf",1,1,"word to pdf"
1046,"word to pdf 1mb",1,1,"word to pdf"
1047,"word to pdf 3",1,1,"word to pdf"
1048,"word to pdf 4",1,1,"word to pdf"
1049,"word to pdf 50 mb",1,1,"word to pdf"
1050,"word to pdf 60 mb",1,1,"word to pdf"
1051,"word to pdf 7i",1,1,"word to pdf"
1052,"word to pdf 800 kb",1,1,"word to pdf"
1053,"word to pdf 900kb",1,1,"word to pdf"
1054,"word to pdf alignment problem",1,1,"word to pdf"
1055,"word to pdf bulk",1,1,"word to pdf"
1056,"word to pdf document",1,1,"word to pdf"
1057,"word to pdf edit",1,1,"word to pdf"
1058,"word to pdf format",1,1,"word to pdf"
1059,"word to pdf gear",1,1,"word to pdf"
1060,"word to pdf hindi font",1,1,"word to pdf"
1061,"word to pdf jpg converter",1,1,"word to pdf"
1062,"word to pdf kaise kare",1,1,"word to pdf"
1063,"word to pdf large file",1,1,"word to pdf"
1064,"word to pdf merge",1,1,"word to pdf"
1065,"word to pdf no changes",1,1,"word to pdf"
1066,"word to pdf pi7",1,1,"word to pdf"
1067,"word to pdf quality",1,1,"word to pdf"
1068,"word to pdf reader",1,1,"word to pdf"
1069,"word to pdf sejda",1,1,"word to pdf"
1070,"word to pdf under 500kb",1,1,"word to pdf"
1071,"word to pdf viewer",1,1,"word to pdf"
1072,"word to pdf word",1,1,"word to pdf"
1073,"word to pdf xodo",1,1,"word to pdf"
1074,"word to pdf you",1,1,"word to pdf"
1075,"word to pdf zip file",1,1,"word to pdf"
1076,"word to pdf24",1,1,"word to pdf"
1077,"can you rotate a pdf",2,9,"rotate pdf"
1078,"pdf to excel list",2,6,"pdf to excel"
1079,"split pdf file size",2,6,"split pdf"
1080,"pdf to excel converter online",2,5,"pdf to excel"
1081,"pdf to ppt converter free",2,5,"pdf to ppt"
1082,"pdf to word converter online",2,5,"pdf to word"
1083,"split pdf without limit",2,5,"split pdf"
1084,"word to pdf converter online",2,5,"word to pdf"
1085,"can you convert pdf to powerpoint",2,4,"pdf to ppt"
1086,"compress pdf to 100kb",2,4,"compress pdf"
1087,"excel to pdf converter online free",2,4,"excel to pdf"
1088,"jpg to pdf converter free",2,4,"jpg to pdf"
1089,"ocr pdf example",2,4,"ocr pdf"
1090,"pdf to jpg converter online",2,4,"pdf to jpg"
1091,"merge pdf files online",2,3,"merge pdf"
1092,"ocr pdf to excel",2,3,"ocr pdf"
1093,"pdf to excel no limit",2,3,"pdf to excel"
1094,"pdf to word 2007",2,3,"pdf to word"
1095,"pdf to word online free",2,3,"pdf to word"
1096,"rotate pdf in adobe",2,3,"rotate pdf"
1097,"rotate pdf without losing quality",2,3,"rotate pdf"
1098,"split pdf pages online",2,3,"split pdf"
1099,"watermark pdf in acrobat",2,3,"watermark pdf"
1100,"watermark pdf online sejda",2,3,"watermark pdf"
1101,"compress pdf in mac",2,2,"compress pdf"
1102,"compress pdf online to 200kb",2,2,"compress pdf"
1103,"compress pdf without losing quality free",2,2,"compress pdf"
1104,"convert pdf to word 80 mb free",2,2,"pdf to word"
1105,"excel to pdf free converter online",2,2,"excel to pdf"
1106,"excel to pdf in landscape mode",2,2,"excel to pdf"
1107,"excel to pdf online free",2,2,"excel to pdf"
1108,"excel to pdf to converter",2,2,"excel to pdf"
1109,"excel to pdf without changing font",2,2,"excel to pdf"
1110,"how to save excel to a pdf",2,2,"excel to pdf"
1111,"jpg to pdf free online",2,2,"jpg to pdf"
1112,"jpg to pdf in 200kb",2,2,"jpg to pdf"
1113,"jpg to pdf online free",2,2,"jpg to pdf"
1114,"jpg to pdf without compression",2,2,"jpg to pdf"
1115,"merge pdf free online",2,2,"merge pdf"
1116,"merge pdf in single page",2,2,"merge pdf"
1117,"merge pdf online free i love pdf",2,2,"merge pdf"
1118,"merge pdf to jpg",2,2,"merge pdf"
1119,"ocr pdf free download",2,2,"ocr pdf"
1120,"ocr pdf high quality",2,2,"ocr pdf"
1121,"pdf to excel 50 mb free",2,2,"pdf to excel"
1122,"pdf to excel free converter",2,2,"pdf to excel"
1123,"pdf to excel in excel",2,2,"pdf to excel"
1124,"pdf to excel online free",2,2,"pdf to excel"
1125,"pdf to excel xlsx",2,2,"pdf to excel"
1126,"pdf to jpg free online converter",2,2,"pdf to jpg"
1127,"pdf to jpg hd quality",2,2,"pdf to jpg"
1128,"pdf to jpg in one page",2,2,"pdf to jpg"
1129,"pdf to jpg online converter",2,2,"pdf to jpg"
1130,"pdf to jpg to 100kb",2,2,"pdf to jpg"
1131,"pdf to ppt best quality",2,2,"pdf to ppt"
1132,"pdf to ppt free converter",2,2,"pdf to ppt"
1133,"pdf to ppt i love you",2,2,"pdf to ppt"
1134,"pdf to ppt in mac",2,2,"pdf to ppt"
1135,"pdf to ppt no limit",2,2,"pdf to ppt"
1136,"pdf to ppt online converter",2,2,"pdf to ppt"
1137,"pdf to ppt with ocr free",2,2,"pdf to ppt"
1138,"pdf to ppt without changing font",2,2,"pdf to ppt"
1139,"pdf to word free converter",2,2,"pdf to word"
1140,"pdf to word ocr free",2,2,"pdf to word"
1141,"pdf to word without changing alignment",2,2,"pdf to word"
1142,"rotate pdf online i love pdf",2,2,"rotate pdf"
1143,"rotate pdf per page",2,2,"rotate pdf"
1144,"rotate pdf to word",2,2,"rotate pdf"
1145,"split pdf free online",2,2,"split pdf"
1146,"split pdf high quality",2,2,"split pdf"
1147,"split pdf online i love pdf",2,2,"split pdf"
1148,"split pdf to single pages",2,2,"split pdf"
1149,"watermark guidelines",2,2,"watermark pdf"
1150,"watermark pdf for woocommerce",2,2,"watermark pdf"
1151,"watermark pdf free offline",2,2,"watermark pdf"
1152,"watermark to pdf online",2,2,"watermark pdf"
1153,"word to 9 pdf",2,2,"pdf to word"
1154,"word to pdf 600 kb",2,2,"pdf to word"
1155,"word to pdf 8mb",2,2,"pdf to word"
1156,"word to pdf free converter online",2,2,"word to pdf"
1157,"word to pdf in one page",2,2,"word to pdf"
1158,"word to pdf online free",2,2,"word to pdf"
1159,"word to pdf to converter",2,2,"word to pdf"
1160,"word to pdf without changing tamil font",2,2,"word to pdf"
1161,"0nline pdf to ppt converter",2,1,"pdf to ppt"
1162,"add watermark pdf 24",2,1,"watermark pdf"
1163,"best compress pdf online free",2,1,"compress pdf"
1164,"best excel to pdf converter free download",2,1,"excel to pdf"
1165,"best jpg to pdf converter online free",2,1,"jpg to pdf"
1166,"best merge pdf online free",2,1,"merge pdf"
1167,"best pdf rotate solution",2,1,"rotate pdf"
1168,"best pdf split tool",2,1,"split pdf"
1169,"best pdf to excel converter",2,1,"pdf to excel"
1170,"best pdf to jpg converter free",2,1,"pdf to jpg"
1171,"best pdf to ppt converter free",2,1,"pdf to ppt"
1172,"best pdf to word converter free",2,1,"pdf to word"
1173,"best pdf watermark remover online free",2,1,"watermark pdf"
1174,"best word to pdf converter online free",2,1,"word to pdf"
1175,"compress pdf 01 mb",2,1,"compress pdf"
1176,"compress pdf 11zon",2,1,"compress pdf"
1177,"compress pdf 250 kb",2,1,"compress pdf"
1178,"compress pdf 3 mb free",2,1,"compress pdf"
1179,"compress pdf 450 kb",2,1,"compress pdf"
1180,"compress pdf 50 kb",2,1,"compress pdf"
1181,"compress pdf 6 mb",2,1,"compress pdf"
1182,"compress pdf 70 kb",2,1,"compress pdf"
1183,"compress pdf 800 kb online free",2,1,"compress pdf"
1184,"compress pdf 900 kb online free",2,1,"compress pdf"
1185,"compress pdf adobe acrobat",2,1,"compress pdf"
1186,"compress pdf app download",2,1,"compress pdf"
1187,"compress pdf below 500kb",2,1,"compress pdf"
1188,"compress pdf converter",2,1,"compress pdf"
1189,"compress pdf doc scanner",2,1,"compress pdf"
1190,"compress pdf editor",2,1,"compress pdf"
1191,"compress pdf free without losing quality",2,1,"compress pdf"
1192,"compress pdf good quality",2,1,"compress pdf"
1193,"compress pdf hyper",2,1,"compress pdf"
1194,"compress pdf into 200kb",2,1,"compress pdf"
1195,"compress pdf jpg to 200kb",2,1,"compress pdf"
1196,"compress pdf kb size",2,1,"compress pdf"
1197,"compress pdf less than 200kb",2,1,"compress pdf"
1198,"compress pdf mb size",2,1,"compress pdf"
1199,"compress pdf no size limit",2,1,"compress pdf"
1200,"compress pdf pi7 pdf tool",2,1,"compress pdf"
1201,"compress pdf quality same",2,1,"compress pdf"
1202,"compress pdf reduce file size",2,1,"compress pdf"
1203,"compress pdf size to 200kb",2,1,"compress pdf"
1204,"compress pdf under 1 mb",2,1,"compress pdf"
1205,"compress pdf very small size",2,1,"compress pdf"
1206,"compress pdf xchange",2,1,"compress pdf"
1207,"compress pdf zion",2,1,"compress pdf"
1208,"convert word to pdf youtube",2,1,"word to pdf"
1209,"excel to pdf 1 sheet",2,1,"excel to pdf"
1210,"excel to pdf 2 pages",2,1,"excel to pdf"
1211,"excel to pdf 5 mb",2,1,"excel to pdf"
1212,"excel to pdf all sheets",2,1,"excel to pdf"
1213,"excel to pdf app for pc",2,1,"excel to pdf"
1214,"excel to pdf bulk converter",2,1,"excel to pdf"
1215,"excel to pdf converter windows 7",2,1,"excel to pdf"
1216,"excel to pdf download for windows 10",2,1,"excel to pdf"
1217,"excel to pdf excel to pdf excel to pdf",2,1,"excel to pdf"
1218,"excel to pdf for free online",2,1,"excel to pdf"
1219,"excel to pdf gratis",2,1,"excel to pdf"
1220,"excel to pdf high quality converter",2,1,"excel to pdf"
1221,"excel to pdf hindi",2,1,"excel to pdf"
1222,"excel to pdf java",2,1,"excel to pdf"
1223,"excel to pdf krutidev",2,1,"excel to pdf"
1224,"excel to pdf landscape a4 size",2,1,"excel to pdf"
1225,"excel to pdf merge online",2,1,"excel to pdf"
1226,"excel to pdf not formatting correctly",2,1,"excel to pdf"
1227,"excel to pdf office 365",2,1,"excel to pdf"
1228,"excel to pdf page setup",2,1,"excel to pdf"
1229,"excel to pdf remove page number",2,1,"excel to pdf"
1230,"excel to pdf smallpdf",2,1,"excel to pdf"
1231,"excel to pdf uipath",2,1,"excel to pdf"
1232,"excel to pdf vertical",2,1,"excel to pdf"
1233,"excel to pdf xps",2,1,"excel to pdf"
1234,"excel to pdf yang rapi",2,1,"excel to pdf"
1235,"excel to pdf zoomed out",2,1,"excel to pdf"
1236,"free compress pdf online",2,1,"compress pdf"
1237,"free excel to pdf converter online",2,1,"excel to pdf"
1238,"free jpg to pdf",2,1,"jpg to pdf"
1239,"free merge pdf online",2,1,"merge pdf"
1240,"free pdf to excel",2,1,"pdf to excel"
1241,"free pdf to jpg",2,1,"pdf to jpg"
1242,"free pdf to ppt",2,1,"pdf to ppt"
1243,"free pdf to word",2,1,"pdf to word"
1244,"free rotate pdf pages",2,1,"rotate pdf"
1245,"free split pdf pages",2,1,"split pdf"
1246,"free watermark pdf remover",2,1,"watermark pdf"
1247,"free word to pdf",2,1,"word to pdf"
1248,"how to compress pdf file size in adobe acrobat",2,1,"compress pdf"
1249,"how to excel to pdf all sheets",2,1,"excel to pdf"
1250,"how to jpg to pdf in iphone",2,1,"jpg to pdf"
1251,"how to merge pdfs",2,1,"merge pdf"
1252,"how to pdf to excel converter online free",2,1,"pdf to excel"
1253,"how to pdf to jpg free",2,1,"pdf to jpg"
1254,"how to pdf to pptx",2,1,"pdf to ppt"
1255,"how to pdf to word converter online free",2,1,"pdf to word"
1256,"how to remove watermark from pdf in mobile",2,1,"watermark pdf"
1257,"how to split pdf pages free",2,1,"split pdf"
1258,"how to watermark pdf in adobe",2,1,"watermark pdf"
1259,"how to word to pdf in phone",2,1,"word to pdf"
1260,"jpg to pdf 0",2,1,"jpg to pdf"
1261,"jpg to pdf 1 mb",2,1,"jpg to pdf"
1262,"jpg to pdf 200 kb converter",2,1,"jpg to pdf"
1263,"jpg to pdf 3mb",2,1,"jpg to pdf"
1264,"jpg to pdf 400kb converter",2,1,"jpg to pdf"
1265,"jpg to pdf 50kb to 100kb",2,1,"jpg to pdf"
1266,"jpg to pdf 600 dpi",2,1,"jpg to pdf"
1267,"jpg to pdf 75 kb",2,1,"jpg to pdf"
1268,"jpg to pdf 800 kb converter",2,1,"jpg to pdf"
1269,"jpg to pdf 95 kb",2,1,"jpg to pdf"
1270,"jpg to pdf a4 size",2,1,"jpg to pdf"
1271,"jpg to pdf app free",2,1,"jpg to pdf"
1272,"jpg to pdf below 100kb",2,1,"jpg to pdf"
1273,"jpg to pdf document converter",2,1,"jpg to pdf"
1274,"jpg to pdf editor online",2,1,"jpg to pdf"
1275,"jpg to pdf gear",2,1,"jpg to pdf"
1276,"jpg to pdf hd",2,1,"jpg to pdf"
1277,"jpg to pdf i7",2,1,"jpg to pdf"
1278,"jpg to pdf joiner online",2,1,"jpg to pdf"
1279,"jpg to pdf kb reducer",2,1,"jpg to pdf"
1280,"jpg to pdf less than 500kb",2,1,"jpg to pdf"
1281,"jpg to pdf merge online",2,1,"jpg to pdf"
1282,"jpg to pdf net",2,1,"jpg to pdf"
1283,"jpg to pdf pdf24",2,1,"jpg to pdf"
1284,"jpg to pdf quality enhancer",2,1,"jpg to pdf"
1285,"jpg to pdf resize 100 kb",2,1,"jpg to pdf"
1286,"jpg to pdf size reducer",2,1,"jpg to pdf"
1287,"jpg to pdf under 500kb",2,1,"jpg to pdf"
1288,"jpg to pdf v",2,1,"jpg to pdf"
1289,"jpg to pdf yapma",2,1,"jpg to pdf"
1290,"jpg to pdf zip file",2,1,"jpg to pdf"
1291,"kompres pdf yang paling kecil",2,1,"compress pdf"
1292,"love pdf ppt to jpg",2,1,"pdf to ppt"
1293,"merge 02 pdf files",2,1,"merge pdf"
1294,"merge pdf 100 kb",2,1,"merge pdf"
1295,"merge pdf 24 pdf",2,1,"merge pdf"
1296,"merge pdf 30 files",2,1,"merge pdf"
1297,"merge pdf 450 kb",2,1,"merge pdf"
1298,"merge pdf 50 files",2,1,"merge pdf"
1299,"merge pdf 6 in 1",2,1,"merge pdf"
1300,"merge pdf 700 kb",2,1,"merge pdf"
1301,"merge pdf 8mb",2,1,"merge pdf"
1302,"merge pdf 95 kb",2,1,"merge pdf"
1303,"merge pdf and image into pdf",2,1,"merge pdf"
1304,"merge pdf app for pc",2,1,"merge pdf"
1305,"merge pdf below 1 mb",2,1,"merge pdf"
1306,"merge pdf converter online",2,1,"merge pdf"
1307,"merge pdf documents online free",2,1,"merge pdf"
1308,"merge pdf edit",2,1,"merge pdf"
1309,"merge pdf google",2,1,"merge pdf"
1310,"merge pdf hd quality",2,1,"merge pdf"
1311,"merge pdf jpg online",2,1,"merge pdf"
1312,"merge pdf kb",2,1,"merge pdf"
1313,"merge pdf large files",2,1,"merge pdf"
1314,"merge pdf merge",2,1,"merge pdf"
1315,"merge pdf no limit free",2,1,"merge pdf"
1316,"merge pdf pages into one",2,1,"merge pdf"
1317,"merge pdf quillbot",2,1,"merge pdf"
1318,"merge pdf reduce size",2,1,"merge pdf"
1319,"merge pdf single page",2,1,"merge pdf"
1320,"merge pdf under 200kb",2,1,"merge pdf"
1321,"merge pdf visual paradigm",2,1,"merge pdf"
1322,"merge pdf without removing digital signature",2,1,"merge pdf"
1323,"merge pdf xchange",2,1,"merge pdf"
1324,"merge pdf youtube",2,1,"merge pdf"
1325,"merge pdf zon 11",2,1,"merge pdf"
1326,"ocr pdf 100mb",2,1,"ocr pdf"
1327,"ocr pdf ai",2,1,"ocr pdf"
1328,"ocr pdf best",2,1,"ocr pdf"
1329,"ocr pdf converter free",2,1,"ocr pdf"
1330,"ocr pdf editor online free",2,1,"ocr pdf"
1331,"ocr pdf free online",2,1,"ocr pdf"
1332,"ocr pdf gear",2,1,"ocr pdf"
1333,"ocr pdf image to text",2,1,"ocr pdf"
1334,"ocr pdf javascript",2,1,"ocr pdf"
1335,"ocr pdf korean",2,1,"ocr pdf"
1336,"ocr pdf linux",2,1,"ocr pdf"
1337,"ocr pdf merge",2,1,"ocr pdf"
1338,"ocr pdf nitro",2,1,"ocr pdf"
1339,"ocr pdf office 365",2,1,"ocr pdf"
1340,"ocr pdf online 2 pdf",2,1,"ocr pdf"
1341,"ocr pdf persian",2,1,"ocr pdf"
1342,"ocr pdf reduce size",2,1,"ocr pdf"
1343,"ocr pdf searchable free",2,1,"ocr pdf"
1344,"ocr pdf ubuntu",2,1,"ocr pdf"
1345,"ocr pdf version",2,1,"ocr pdf"
1346,"ocr pdf word converter",2,1,"ocr pdf"
1347,"ocr pdf xls",2,1,"ocr pdf"
1348,"ocr pdf yap",2,1,"ocr pdf"
1349,"ocr pdf zu word",2,1,"ocr pdf"
1350,"ocr pdf2go",2,1,"ocr pdf"
1351,"online compress pdf free",2,1,"compress pdf"
1352,"online excel to pdf converter free",2,1,"excel to pdf"
1353,"online jpg to pdf converter free",2,1,"jpg to pdf"
1354,"online merge pdf files free",2,1,"merge pdf"
1355,"online pdf to excel",2,1,"pdf to excel"
1356,"online pdf to jpg converter free",2,1,"pdf to jpg"
1357,"online pdf to ppt",2,1,"pdf to ppt"
1358,"online pdf to word",2,1,"pdf to word"
1359,"online rotate pdf free",2,1,"rotate pdf"
1360,"online split pdf free",2,1,"split pdf"
1361,"online watermark pdf creator",2,1,"watermark pdf"
1362,"online word to pdf",2,1,"word to pdf"
1363,"pdf house watermark",2,1,"watermark pdf"
1364,"pdf ocr 4.8",2,1,"ocr pdf"
1365,"pdf ocr qwen",2,1,"ocr pdf"
1366,"pdf remove watermarks",2,1,"watermark pdf"
1367,"pdf stamp javascript",2,1,"watermark pdf"
1368,"pdf to excel 11",2,1,"pdf to excel"
1369,"pdf to excel 2007",2,1,"pdf to excel"
1370,"pdf to excel 365",2,1,"pdf to excel"
1371,"pdf to excel 400 pages",2,1,"pdf to excel"
1372,"pdf to excel 97",2,1,"pdf to excel"
1373,"pdf to excel ai converter free",2,1,"pdf to excel"
1374,"pdf to excel app download",2,1,"pdf to excel"
1375,"pdf to excel bank statement converter ai",2,1,"pdf to excel"
1376,"pdf to excel converter online 600 pages",2,1,"pdf to excel"
1377,"pdf to excel converter online 800 pages",2,1,"pdf to excel"
1378,"pdf to excel data",2,1,"pdf to excel"
1379,"pdf to excel editor",2,1,"pdf to excel"
1380,"pdf to excel gear",2,1,"pdf to excel"
1381,"pdf to excel hindi",2,1,"pdf to excel"
1382,"pdf to excel investintech",2,1,"pdf to excel"
1383,"pdf to excel jpg",2,1,"pdf to excel"
1384,"pdf to excel kaise convert kare",2,1,"pdf to excel"
1385,"pdf to excel merge",2,1,"pdf to excel"
1386,"pdf to excel ocr free",2,1,"pdf to excel"
1387,"pdf to excel pdf2go",2,1,"pdf to excel"
1388,"pdf to excel query",2,1,"pdf to excel"
1389,"pdf to excel reddit",2,1,"pdf to excel"
1390,"pdf to excel sejda",2,1,"pdf to excel"
1391,"pdf to excel tamil font",2,1,"pdf to excel"
1392,"pdf to excel to converter free download",2,1,"pdf to excel"
1393,"pdf to excel trackid sp 006",2,1,"pdf to excel"
1394,"pdf to excel using ai",2,1,"pdf to excel"
1395,"pdf to excel video",2,1,"pdf to excel"
1396,"pdf to excel with ocr free online",2,1,"pdf to excel"
1397,"pdf to excel without changing format free",2,1,"pdf to excel"
1398,"pdf to jpg 0d 0a",2,1,"pdf to jpg"
1399,"pdf to jpg 1mb",2,1,"pdf to jpg"
1400,"pdf to jpg 20 kb",2,1,"pdf to jpg"
1401,"pdf to jpg 30 kb",2,1,"pdf to jpg"
1402,"pdf to jpg 40 kb online free",2,1,"pdf to jpg"
1403,"pdf to jpg 50 kb converter",2,1,"pdf to jpg"
1404,"pdf to jpg 600 kb",2,1,"pdf to jpg"
1405,"pdf to jpg 70 kb converter",2,1,"pdf to jpg"
1406,"pdf to jpg 800 kb",2,1,"pdf to jpg"
1407,"pdf to jpg 90 kb converter",2,1,"pdf to jpg"
1408,"pdf to jpg and reduce size",2,1,"pdf to jpg"
1409,"pdf to jpg app for pc",2,1,"pdf to jpg"
1410,"pdf to jpg below 1mb",2,1,"pdf to jpg"
1411,"pdf to jpg document converter",2,1,"pdf to jpg"
1412,"pdf to jpg extractor",2,1,"pdf to jpg"
1413,"pdf to jpg g",2,1,"pdf to jpg"
1414,"pdf to jpg i love you",2,1,"pdf to jpg"
1415,"pdf to jpg image",2,1,"pdf to jpg"
1416,"pdf to jpg jpeg",2,1,"pdf to jpg"
1417,"pdf to jpg kb reducer",2,1,"pdf to jpg"
1418,"pdf to jpg less than 500kb",2,1,"pdf to jpg"
1419,"pdf to jpg merge converter",2,1,"pdf to jpg"
1420,"pdf to jpg no quality loss",2,1,"pdf to jpg"
1421,"pdf to jpg pdf",2,1,"pdf to jpg"
1422,"pdf to jpg quillbot",2,1,"pdf to jpg"
1423,"pdf to jpg resize 200kb",2,1,"pdf to jpg"
1424,"pdf to jpg splitter",2,1,"pdf to jpg"
1425,"pdf to jpg under 500kb",2,1,"pdf to jpg"
1426,"pdf to jpg very high quality",2,1,"pdf to jpg"
1427,"pdf to jpg with high quality",2,1,"pdf to jpg"
1428,"pdf to jpg without zip",2,1,"pdf to jpg"
1429,"pdf to jpg x",2,1,"pdf to jpg"
1430,"pdf to jpg zip converter",2,1,"pdf to jpg"
1431,"pdf to ppt 150 mb",2,1,"pdf to ppt"
1432,"pdf to ppt 24",2,1,"pdf to ppt"
1433,"pdf to ppt 35 mb",2,1,"pdf to ppt"
1434,"pdf to ppt 400mb",2,1,"pdf to ppt"
1435,"pdf to ppt ai free",2,1,"pdf to ppt"
1436,"pdf to ppt application",2,1,"pdf to ppt"
1437,"pdf to ppt by canva",2,1,"pdf to ppt"
1438,"pdf to ppt convert 50 mb",2,1,"pdf to ppt"
1439,"pdf to ppt document",2,1,"pdf to ppt"
1440,"pdf to ppt editable free",2,1,"pdf to ppt"
1441,"pdf to ppt generator ai free",2,1,"pdf to ppt"
1442,"pdf to ppt hd",2,1,"pdf to ppt"
1443,"pdf to ppt image",2,1,"pdf to ppt"
1444,"pdf to ppt kostenlos",2,1,"pdf to ppt"
1445,"pdf to ppt large file free",2,1,"pdf to ppt"
1446,"pdf to ppt maker ai free",2,1,"pdf to ppt"
1447,"pdf to ppt presentation converter",2,1,"pdf to ppt"
1448,"pdf to ppt sejda",2,1,"pdf to ppt"
1449,"pdf to ppt through ai",2,1,"pdf to ppt"
1450,"pdf to ppt to word",2,1,"pdf to ppt"
1451,"pdf to ppt unlimited size",2,1,"pdf to ppt"
1452,"pdf to ppt zdarma",2,1,"pdf to ppt"
1453,"pdf to pptx converter free",2,1,"pdf to ppt"
1454,"pdf to readable ppt",2,1,"pdf to ppt"
1455,"pdf to word 0cr",2,1,"pdf to word"
1456,"pdf to word 1mb",2,1,"pdf to word"
1457,"pdf to word 300 kb",2,1,"pdf to word"
1458,"pdf to word 40 mb",2,1,"pdf to word"
1459,"pdf to word 50mb",2,1,"pdf to word"
1460,"pdf to word 600 dpi",2,1,"pdf to word"
1461,"pdf to word 7",2,1,"pdf to word"
1462,"pdf to word 97-2003 converter online",2,1,"pdf to word"
1463,"pdf to word ai converter",2,1,"pdf to word"
1464,"pdf to word apply ocr free",2,1,"pdf to word"
1465,"pdf to word big pdf",2,1,"pdf to word"
1466,"pdf to word doc",2,1,"pdf to word"
1467,"pdf to word editable free",2,1,"pdf to word"
1468,"pdf to word file converter",2,1,"pdf to word"
1469,"pdf to word google docs",2,1,"pdf to word"
1470,"pdf to word hindi",2,1,"pdf to word"
1471,"pdf to word image converter",2,1,"pdf to word"
1472,"pdf to word in i love pdf",2,1,"pdf to word"
1473,"pdf to word jobs at home",2,1,"pdf to word"
1474,"pdf to word kaise convert kare",2,1,"pdf to word"
1475,"pdf to word letter converter",2,1,"pdf to word"
1476,"pdf to word marutham converter",2,1,"pdf to word"
1477,"pdf to word nitro",2,1,"pdf to word"
1478,"pdf to word pad",2,1,"pdf to word"
1479,"pdf to word resume converter",2,1,"pdf to word"
1480,"pdf to word same format",2,1,"pdf to word"
1481,"pdf to word to pdf converter online",2,1,"pdf to word"
1482,"pdf to word unicode",2,1,"pdf to word"
1483,"pdf to word video",2,1,"pdf to word"
1484,"pdf to word with ocr free online",2,1,"pdf to word"
1485,"pdf to word xls converter online",2,1,"pdf to word"
1486,"pdf to word yang aman",2,1,"pdf to word"
1487,"pdf to word zamzar converter",2,1,"pdf to word"
1488,"pdf watermark application",2,1,"watermark pdf"
1489,"pdf watermark background image",2,1,"watermark pdf"
1490,"pdf watermark kaise hataye",2,1,"watermark pdf"
1491,"pdf watermark not printing",2,1,"watermark pdf"
1492,"pdf watermark remover video online free",2,1,"watermark pdf"
1493,"ppt to pdf 600 dpi",2,1,"pdf to ppt"
1494,"remove watermark from pdf without login",2,1,"watermark pdf"
1495,"rotate pdf 1 page",2,1,"rotate pdf"
1496,"rotate pdf 2 degrees",2,1,"rotate pdf"
1497,"rotate pdf 90 degrees and save",2,1,"rotate pdf"
1498,"rotate pdf all pages",2,1,"rotate pdf"
1499,"rotate pdf apple",2,1,"rotate pdf"
1500,"rotate pdf by angle",2,1,"rotate pdf"
1501,"rotate pdf clockwise",2,1,"rotate pdf"
1502,"rotate pdf document online free",2,1,"rotate pdf"
1503,"rotate pdf editor online free",2,1,"rotate pdf"
1504,"rotate pdf file online",2,1,"rotate pdf"
1505,"rotate pdf for free",2,1,"rotate pdf"
1506,"rotate pdf free i love pdf",2,1,"rotate pdf"
1507,"rotate pdf gratis",2,1,"rotate pdf"
1508,"rotate pdf hotkey",2,1,"rotate pdf"
1509,"rotate pdf individual pages",2,1,"rotate pdf"
1510,"rotate pdf key",2,1,"rotate pdf"
1511,"rotate pdf love pdf",2,1,"rotate pdf"
1512,"rotate pdf manually",2,1,"rotate pdf"
1513,"rotate pdf notability",2,1,"rotate pdf"
1514,"rotate pdf remarkable",2,1,"rotate pdf"
1515,"rotate pdf sejda",2,1,"rotate pdf"
1516,"rotate pdf using keyboard",2,1,"rotate pdf"
1517,"rotate pdf vertically",2,1,"rotate pdf"
1518,"rotate pdf xodo",2,1,"rotate pdf"
1519,"rotate pdf zathura",2,1,"rotate pdf"
1520,"rotation questions pdf",2,1,"rotate pdf"
1521,"split 11x17 pdf to 8.5 x11",2,1,"split pdf"
1522,"split pdf 1",2,1,"split pdf"
1523,"split pdf 2 parts",2,1,"split pdf"
1524,"split pdf 3",2,1,"split pdf"
1525,"split pdf 4 pages",2,1,"split pdf"
1526,"split pdf 500mb",2,1,"split pdf"
1527,"split pdf adobe",2,1,"split pdf"
1528,"split pdf application",2,1,"split pdf"
1529,"split pdf big pdf",2,1,"split pdf"
1530,"split pdf compressor",2,1,"split pdf"
1531,"split pdf documents online free",2,1,"split pdf"
1532,"split pdf editor online free",2,1,"split pdf"
1533,"split pdf google",2,1,"split pdf"
1534,"split pdf in pages",2,1,"split pdf"
1535,"split pdf into 6 parts",2,1,"split pdf"
1536,"split pdf into 7 parts",2,1,"split pdf"
1537,"split pdf into separate files",2,1,"split pdf"
1538,"split pdf jpeg",2,1,"split pdf"
1539,"split pdf kofax",2,1,"split pdf"
1540,"split pdf large file online free",2,1,"split pdf"
1541,"split pdf more than 500mb",2,1,"split pdf"
1542,"split pdf nitro",2,1,"split pdf"
1543,"split pdf qpdf",2,1,"split pdf"
1544,"split pdf range",2,1,"split pdf"
1545,"split pdf separate pages",2,1,"split pdf"
1546,"split pdf trackid sp 006",2,1,"split pdf"
1547,"split pdf using adobe acrobat",2,1,"split pdf"
1548,"split pdf vertically online",2,1,"split pdf"
1549,"split pdf xchange",2,1,"split pdf"
1550,"split pdf zamzar",2,1,"split pdf"
1551,"split your pdf",2,1,"split pdf"
1552,"stamp pdf xchange",2,1,"watermark pdf"
1553,"turn 3 pdf into 1",2,1,"rotate pdf"
1554,"turn pdf jpg",2,1,"rotate pdf"
1555,"turn your pdf into a podcast",2,1,"rotate pdf"
1556,"usuwanie watermark z pdf",2,1,"watermark pdf"
1557,"watermark pdf add",2,1,"watermark pdf"
1558,"watermark pdf confidential",2,1,"watermark pdf"
1559,"watermark pdf document free",2,1,"watermark pdf"
1560,"watermark pdf editor free",2,1,"watermark pdf"
1561,"watermark pdf file",2,1,"watermark pdf"
1562,"watermark pdf github",2,1,"watermark pdf"
1563,"watermark pdf love",2,1,"watermark pdf"
1564,"watermark pdf mac",2,1,"watermark pdf"
1565,"watermark pdf preview",2,1,"watermark pdf"
1566,"watermark pdf remover free",2,1,"watermark pdf"
1567,"watermark pdf smallpdf",2,1,"watermark pdf"
1568,"watermark pdf woocommerce",2,1,"watermark pdf"
1569,"watermark promo code",2,1,"watermark pdf"
1570,"watermark remover from pdf using ai",2,1,"watermark pdf"
1571,"word print to pdf 0kb",2,1,"word to pdf"
1572,"word to pdf 100 kb",2,1,"word to pdf"
1573,"word to pdf 2mb",2,1,"word to pdf"
1574,"word to pdf 3 mb converter",2,1,"word to pdf"
1575,"word to pdf 40 mb",2,1,"word to pdf"
1576,"word to pdf 5 mb",2,1,"word to pdf"
1577,"word to pdf 700 kb",2,1,"word to pdf"
1578,"word to pdf and remove pages",2,1,"word to pdf"
1579,"word to pdf app for pc",2,1,"word to pdf"
1580,"word to pdf below 200 kb",2,1,"word to pdf"
1581,"word to pdf document converter",2,1,"word to pdf"
1582,"word to pdf editor online free",2,1,"word to pdf"
1583,"word to pdf generator online",2,1,"word to pdf"
1584,"word to pdf hindi",2,1,"word to pdf"
1585,"word to pdf i love pdf converter",2,1,"word to pdf"
1586,"word to pdf joiner",2,1,"word to pdf"
1587,"word to pdf krutidev font",2,1,"word to pdf"
1588,"word to pdf link",2,1,"word to pdf"
1589,"word to pdf merge online",2,1,"word to pdf"
1590,"word to pdf no format change",2,1,"word to pdf"
1591,"word to pdf pi7 tool",2,1,"word to pdf"
1592,"word to pdf quality loss",2,1,"word to pdf"
1593,"word to pdf resume",2,1,"word to pdf"
1594,"word to pdf soda converter",2,1,"word to pdf"
1595,"word to pdf tamil font",2,1,"word to pdf"
1596,"word to pdf under 200kb",2,1,"word to pdf"
1597,"word to pdf version",2,1,"word to pdf"
1598,"word to pdf xps",2,1,"word to pdf"
1599,"word to pdf zon",2,1,"word to pdf"
1600,"can you permanently rotate a pdf",3,6,"rotate pdf"
1601,"pdf to excel converter free",3,5,"pdf to excel"
1602,"pdf to word converter free",3,5,"pdf to word"
1603,"word to pdf converter free",3,5,"word to pdf"
1604,"compress pdf to 1mb",3,4,"compress pdf"
1605,"excel to pdf converter free",3,4,"excel to pdf"
1606,"excel to pdf settings",3,4,"excel to pdf"
1607,"how to add watermark in pdf in mobile",3,4,"watermark pdf"
1608,"how to make excel to pdf",3,4,"excel to pdf"
1609,"jpg to pdf converter online free",3,4,"jpg to pdf"
1610,"pdf to jpg converter 100 kb",3,4,"pdf to jpg"
1611,"pdf to ppt converter online free",3,4,"pdf to ppt"
1612,"split pdf in range",3,4,"split pdf"
1613,"excel to pdf not working",3,3,"excel to pdf"
1614,"how long does it take to ocr a pdf",3,3,"ocr pdf"
1615,"ocr pdf to word converter online free",3,3,"ocr pdf"
1616,"pdf to excel for free",3,3,"pdf to excel"
1617,"pdf to excel in one page",3,3,"pdf to excel"
1618,"pdf to excel ocr",3,3,"pdf to excel"
1619,"pdf to ppt with ocr",3,3,"pdf to ppt"
1620,"pdf to word 2007 converter",3,3,"pdf to word"
1621,"pdf to word online converter free",3,3,"pdf to word"
1622,"watermark pdf on mac",3,3,"watermark pdf"
1623,"compress pdf online to 1mb",3,2,"compress pdf"
1624,"compress pdf without losing digital signature",3,2,"compress pdf"
1625,"excel to pdf download for windows 7",3,2,"excel to pdf"
1626,"excel to pdf free download",3,2,"excel to pdf"
1627,"excel to pdf hd quality",3,2,"excel to pdf"
1628,"excel to pdf in single page",3,2,"excel to pdf"
1629,"excel to pdf online2pdf",3,2,"excel to pdf"
1630,"excel to pdf to word",3,2,"excel to pdf"
1631,"excel to pdf without cutting",3,2,"excel to pdf"
1632,"how to convert pdf to ppt in mobile",3,2,"pdf to ppt"
1633,"jpg to pdf free unlimited",3,2,"jpg to pdf"
1634,"jpg to pdf in 100 kb",3,2,"jpg to pdf"
1635,"jpg to pdf online converter free",3,2,"jpg to pdf"
1636,"jpg to pdf to converter",3,2,"jpg to pdf"
1637,"merge pdf in 11 zon",3,2,"merge pdf"
1638,"merge pdf online i love pdf",3,2,"merge pdf"
1639,"merge pdf to word",3,2,"merge pdf"
1640,"pdf to excel 300 pages",3,2,"pdf to excel"
1641,"pdf to excel 500 pages",3,2,"pdf to excel"
1642,"pdf to excel 900 pages",3,2,"pdf to excel"
1643,"pdf to excel free download",3,2,"pdf to excel"
1644,"pdf to excel online2pdf",3,2,"pdf to excel"
1645,"pdf to excel xlsx converter free download",3,2,"pdf to excel"
1646,"pdf to jpg free online",3,2,"pdf to jpg"
1647,"pdf to jpg in 200 kb",3,2,"pdf to jpg"
1648,"pdf to jpg online free converter",3,2,"pdf to jpg"
1649,"pdf to jpg to 200kb",3,2,"pdf to jpg"
1650,"pdf to ppt free converter online",3,2,"pdf to ppt"
1651,"pdf to ppt hd quality",3,2,"pdf to ppt"
1652,"pdf to ppt in powerpoint",3,2,"pdf to ppt"
1653,"pdf to ppt online free converter",3,2,"pdf to ppt"
1654,"pdf to ppt without changing anything",3,2,"pdf to ppt"
1655,"pdf to word 97 2003 document",3,2,"pdf to word"
1656,"pdf to word free online",3,2,"pdf to word"
1657,"pdf to word in online",3,2,"pdf to word"
1658,"pdf to word without font change",3,2,"pdf to word"
1659,"rotate pdf online sejda",3,2,"rotate pdf"
1660,"rotate pdf to straight",3,2,"rotate pdf"
1661,"rotate pdf viewer",3,2,"rotate pdf"
1662,"split pdf large size",3,2,"split pdf"
1663,"split pdf online free i love pdf",3,2,"split pdf"
1664,"split pdf to pdf",3,2,"split pdf"
1665,"split pdf unlimited size",3,2,"split pdf"
1666,"split pdf without removing dsc",3,2,"split pdf"
1667,"watermark pdf in mac",3,2,"watermark pdf"
1668,"watermark pdf online ilovepdf",3,2,"watermark pdf"
1669,"watermark to pdf free",3,2,"watermark pdf"
1670,"word to pdf free online",3,2,"word to pdf"
1671,"word to pdf hd quality",3,2,"word to pdf"
1672,"word to pdf in ms word",3,2,"word to pdf"
1673,"word to pdf online converter free",3,2,"word to pdf"
1674,"word to pdf to go",3,2,"word to pdf"
1675,"word to pdf without changing font",3,2,"word to pdf"
1676,"add watermark to pdf java",3,1,"watermark pdf"
1677,"best compress pdf app",3,1,"compress pdf"
1678,"best excel to pdf converter online",3,1,"excel to pdf"
1679,"best jpg to pdf converter online",3,1,"jpg to pdf"
1680,"best merge pdf online",3,1,"merge pdf"
1681,"best pdf split app",3,1,"split pdf"
1682,"best pdf to excel converter online free without email",3,1,"pdf to excel"
1683,"best pdf to jpg converter online free",3,1,"pdf to jpg"
1684,"best pdf to ppt converter online free",3,1,"pdf to ppt"
1685,"best pdf to word",3,1,"pdf to word"
1686,"best pdf watermark remover free",3,1,"watermark pdf"
1687,"best word to pdf",3,1,"word to pdf"
1688,"compress pdf 02 mb",3,1,"compress pdf"
1689,"compress pdf 150 kb",3,1,"compress pdf"
1690,"compress pdf 200kb online",3,1,"compress pdf"
1691,"compress pdf 30 kb",3,1,"compress pdf"
1692,"compress pdf 40 kb",3,1,"compress pdf"
1693,"compress pdf 5mb free",3,1,"compress pdf"
1694,"compress pdf 650 kb",3,1,"compress pdf"
1695,"compress pdf 7i",3,1,"compress pdf"
1696,"compress pdf 8 mb",3,1,"compress pdf"
1697,"compress pdf 9 mb",3,1,"compress pdf"
1698,"compress pdf and convert to jpg",3,1,"compress pdf"
1699,"compress pdf application",3,1,"compress pdf"
1700,"compress pdf below 2mb",3,1,"compress pdf"
1701,"compress pdf custom size free",3,1,"compress pdf"
1702,"compress pdf download",3,1,"compress pdf"
1703,"compress pdf exact size",3,1,"compress pdf"
1704,"compress pdf file size",3,1,"compress pdf"
1705,"compress pdf free 2 mb",3,1,"compress pdf"
1706,"compress pdf google",3,1,"compress pdf"
1707,"compress pdf high quality small size",3,1,"compress pdf"
1708,"compress pdf in 200kb",3,1,"compress pdf"
1709,"compress pdf into 500kb",3,1,"compress pdf"
1710,"compress pdf jpg 100 kb",3,1,"compress pdf"
1711,"compress pdf kb to mb free",3,1,"compress pdf"
1712,"compress pdf less than 2mb",3,1,"compress pdf"
1713,"compress pdf meaning in tamil",3,1,"compress pdf"
1714,"compress pdf nitro",3,1,"compress pdf"
1715,"compress pdf p7",3,1,"compress pdf"
1716,"compress pdf quick online free pdf24",3,1,"compress pdf"
1717,"compress pdf resizer online",3,1,"compress pdf"
1718,"compress pdf sejda",3,1,"compress pdf"
1719,"compress pdf under 100kb",3,1,"compress pdf"
1720,"compress pdf very high",3,1,"compress pdf"
1721,"compress pdf with high quality",3,1,"compress pdf"
1722,"compress pdf xtreme",3,1,"compress pdf"
1723,"compress pdf yang aman dan cepat",3,1,"compress pdf"
1724,"compress pdf zone",3,1,"compress pdf"
1725,"convert excel to pdf microsoft 365",3,1,"excel to pdf"
1726,"convert word to pdf 9 mb",3,1,"word to pdf"
1727,"excel pdf to xlsx",3,1,"excel to pdf"
1728,"excel to pdf 100 mb",3,1,"excel to pdf"
1729,"excel to pdf 200kb",3,1,"excel to pdf"
1730,"excel to pdf a3 size",3,1,"excel to pdf"
1731,"excel to pdf app download for pc",3,1,"excel to pdf"
1732,"excel to pdf big size",3,1,"excel to pdf"
1733,"excel to pdf download pc",3,1,"excel to pdf"
1734,"excel to pdf edit",3,1,"excel to pdf"
1735,"excel to pdf for print",3,1,"excel to pdf"
1736,"excel to pdf format",3,1,"excel to pdf"
1737,"excel to pdf github",3,1,"excel to pdf"
1738,"excel to pdf i love you",3,1,"excel to pdf"
1739,"excel to pdf js",3,1,"excel to pdf"
1740,"excel to pdf key",3,1,"excel to pdf"
1741,"excel to pdf landscape online",3,1,"excel to pdf"
1742,"excel to pdf multiple files",3,1,"excel to pdf"
1743,"excel to pdf print",3,1,"excel to pdf"
1744,"excel to pdf resize",3,1,"excel to pdf"
1745,"excel to pdf shortcut key",3,1,"excel to pdf"
1746,"excel to pdf using ai",3,1,"excel to pdf"
1747,"excel to pdf word",3,1,"excel to pdf"
1748,"excel to pdf zoom in",3,1,"excel to pdf"
1749,"free compress pdf file",3,1,"compress pdf"
1750,"free excel to pdf converter download",3,1,"excel to pdf"
1751,"free jpg to pdf converter no sign up",3,1,"jpg to pdf"
1752,"free merge pdf files into one",3,1,"merge pdf"
1753,"free pdf to excel bank statement converter",3,1,"pdf to excel"
1754,"free pdf to jpg converter high quality",3,1,"pdf to jpg"
1755,"free pdf to ppt converter ai",3,1,"pdf to ppt"
1756,"free pdf to word converter no sign up",3,1,"pdf to word"
1757,"free rotate pdf pages online",3,1,"rotate pdf"
1758,"free split pdf file online",3,1,"split pdf"
1759,"free watermark pdf tool",3,1,"watermark pdf"
1760,"free word to pdf converter i love pdf",3,1,"word to pdf"
1761,"hidden watermark pdf",3,1,"watermark pdf"
1762,"how to compress pdf file size for free",3,1,"compress pdf"
1763,"how to convert pdf to ppt youtube",3,1,"pdf to ppt"
1764,"how to excel to pdf file",3,1,"excel to pdf"
1765,"how to jpg to pdf free",3,1,"jpg to pdf"
1766,"how to merge pdfs into one pdf",3,1,"merge pdf"
1767,"how to pdf to excel table",3,1,"pdf to excel"
1768,"how to pdf to jpg file",3,1,"pdf to jpg"
1769,"how to pdf to ppt free",3,1,"pdf to ppt"
1770,"how to pdf to word converter free",3,1,"pdf to word"
1771,"how to rotate 3d pdf",3,1,"rotate pdf"
1772,"how to rotate an entire pdf",3,1,"rotate pdf"
1773,"how to rotate pdf pages",3,1,"rotate pdf"
1774,"how to split pdf into 2 files",3,1,"split pdf"
1775,"how to watermark pdf file",3,1,"watermark pdf"
1776,"how to word to pdf in laptop",3,1,"word to pdf"
1777,"jpg pdf ye çevirme",3,1,"jpg to pdf"
1778,"jpg to pdf 0.1 mb",3,1,"jpg to pdf"
1779,"jpg to pdf 150 kb",3,1,"jpg to pdf"
1780,"jpg to pdf 250 kb",3,1,"jpg to pdf"
1781,"jpg to pdf 300",3,1,"jpg to pdf"
1782,"jpg to pdf 40 kb",3,1,"jpg to pdf"
1783,"jpg to pdf 500 kb converter",3,1,"jpg to pdf"
1784,"jpg to pdf 600 kb converter",3,1,"jpg to pdf"
1785,"jpg to pdf 7i",3,1,"jpg to pdf"
1786,"jpg to pdf 80 kb converter",3,1,"jpg to pdf"
1787,"jpg to pdf 900 kb converter",3,1,"jpg to pdf"
1788,"jpg to pdf and compress",3,1,"jpg to pdf"
1789,"jpg to pdf app for pc",3,1,"jpg to pdf"
1790,"jpg to pdf black and white",3,1,"jpg to pdf"
1791,"jpg to pdf download free",3,1,"jpg to pdf"
1792,"jpg to pdf editor online free",3,1,"jpg to pdf"
1793,"jpg to pdf file",3,1,"jpg to pdf"
1794,"jpg to pdf group converter",3,1,"jpg to pdf"
1795,"jpg to pdf high quality free",3,1,"jpg to pdf"
1796,"jpg to pdf joint",3,1,"jpg to pdf"
1797,"jpg to pdf kb to mb",3,1,"jpg to pdf"
1798,"jpg to pdf less than 100kb",3,1,"jpg to pdf"
1799,"jpg to pdf maker",3,1,"jpg to pdf"
1800,"jpg to pdf no quality loss",3,1,"jpg to pdf"
1801,"jpg to pdf pi",3,1,"jpg to pdf"
1802,"jpg to pdf quillbot",3,1,"jpg to pdf"
1803,"jpg to pdf resize in kb",3,1,"jpg to pdf"
1804,"jpg to pdf single page",3,1,"jpg to pdf"
1805,"jpg to pdf tool",3,1,"jpg to pdf"
1806,"jpg to pdf under 100kb",3,1,"jpg to pdf"
1807,"jpg to pdf video converter",3,1,"jpg to pdf"
1808,"jpg to pdf with size",3,1,"jpg to pdf"
1809,"jpg to pdf without changing size",3,1,"jpg to pdf"
1810,"jpg to pdf zamzar",3,1,"jpg to pdf"
1811,"kruti dev 010 excel to pdf",3,1,"excel to pdf"
1812,"merge 02 pdf",3,1,"merge pdf"
1813,"merge pdf 1 mb",3,1,"merge pdf"
1814,"merge pdf 2 page in 1 page",3,1,"merge pdf"
1815,"merge pdf 350 kb",3,1,"merge pdf"
1816,"merge pdf 4 mb",3,1,"merge pdf"
1817,"merge pdf 50 kb",3,1,"merge pdf"
1818,"merge pdf 69",3,1,"merge pdf"
1819,"merge pdf 7pi",3,1,"merge pdf"
1820,"merge pdf 80 files",3,1,"merge pdf"
1821,"merge pdf 9",3,1,"merge pdf"
1822,"merge pdf adobe",3,1,"merge pdf"
1823,"merge pdf application",3,1,"merge pdf"
1824,"merge pdf below 200kb",3,1,"merge pdf"
1825,"merge pdf chef",3,1,"merge pdf"
1826,"merge pdf delete pages",3,1,"merge pdf"
1827,"merge pdf editor online free",3,1,"merge pdf"
1828,"merge pdf free offline",3,1,"merge pdf"
1829,"merge pdf google drive",3,1,"merge pdf"
1830,"merge pdf high quality free",3,1,"merge pdf"
1831,"merge pdf jpg files",3,1,"merge pdf"
1832,"merge pdf kb to mb",3,1,"merge pdf"
1833,"merge pdf less than 500kb",3,1,"merge pdf"
1834,"merge pdf multiple files",3,1,"merge pdf"
1835,"merge pdf number wise",3,1,"merge pdf"
1836,"merge pdf pages into single page",3,1,"merge pdf"
1837,"merge pdf quick label crop",3,1,"merge pdf"
1838,"merge pdf rearrange pages",3,1,"merge pdf"
1839,"merge pdf size",3,1,"merge pdf"
1840,"merge pdf under 300kb",3,1,"merge pdf"
1841,"merge pdf via adobe",3,1,"merge pdf"
1842,"merge pdf with word",3,1,"merge pdf"
1843,"merge pdf without losing digital signature",3,1,"merge pdf"
1844,"merge pdf x",3,1,"merge pdf"
1845,"merge pdf zion",3,1,"merge pdf"
1846,"merge your pdf files online & free",3,1,"merge pdf"
1847,"ocr pdf 1000 pages",3,1,"ocr pdf"
1848,"ocr pdf adalah",3,1,"ocr pdf"
1849,"ocr pdf batch",3,1,"ocr pdf"
1850,"ocr pdf convert to word",3,1,"ocr pdf"
1851,"ocr pdf doc",3,1,"ocr pdf"
1852,"ocr pdf editor free",3,1,"ocr pdf"
1853,"ocr pdf file",3,1,"ocr pdf"
1854,"ocr pdf for free",3,1,"ocr pdf"
1855,"ocr pdf gujarati",3,1,"ocr pdf"
1856,"ocr pdf handwriting",3,1,"ocr pdf"
1857,"ocr pdf into excel",3,1,"ocr pdf"
1858,"ocr pdf js",3,1,"ocr pdf"
1859,"ocr pdf ke word",3,1,"ocr pdf"
1860,"ocr pdf là gì",3,1,"ocr pdf"
1861,"ocr pdf meaning in hindi",3,1,"ocr pdf"
1862,"ocr pdf nodejs",3,1,"ocr pdf"
1863,"ocr pdf offline",3,1,"ocr pdf"
1864,"ocr pdf processing",3,1,"ocr pdf"
1865,"ocr pdf remover",3,1,"ocr pdf"
1866,"ocr pdf sample",3,1,"ocr pdf"
1867,"ocr pdf using python",3,1,"ocr pdf"
1868,"ocr pdf vers word",3,1,"ocr pdf"
1869,"ocr pdf word",3,1,"ocr pdf"
1870,"ocr pdf xodo",3,1,"ocr pdf"
1871,"ocr pdf24 online",3,1,"ocr pdf"
1872,"ocr your pdf",3,1,"ocr pdf"
1873,"online compress pdf to 200kb",3,1,"compress pdf"
1874,"online excel to pdf converter i love pdf",3,1,"excel to pdf"
1875,"online jpg to pdf merge",3,1,"jpg to pdf"
1876,"online merge pdf free",3,1,"merge pdf"
1877,"online pdf to excel converter i love pdf",3,1,"pdf to excel"
1878,"online pdf to jpg converter i love pdf",3,1,"pdf to jpg"
1879,"online pdf to pptx converter",3,1,"pdf to ppt"
1880,"online pdf to word converter free download",3,1,"pdf to word"
1881,"online rotate pdf pages free",3,1,"rotate pdf"
1882,"online split pdf into multiple files",3,1,"split pdf"
1883,"online watermark pdf free",3,1,"watermark pdf"
1884,"online word to pdf converter i love pdf",3,1,"word to pdf"
1885,"pdf 34 ocr",3,1,"ocr pdf"
1886,"pdf to excel 1000 pages",3,1,"pdf to excel"
1887,"pdf to excel 2",3,1,"pdf to excel"
1888,"pdf to excel adobe",3,1,"pdf to excel"
1889,"pdf to excel application",3,1,"pdf to excel"
1890,"pdf to excel bank statement converter online free",3,1,"pdf to excel"
1891,"pdf to excel convert",3,1,"pdf to excel"
1892,"pdf to excel converter o",3,1,"pdf to excel"
1893,"pdf to excel download free",3,1,"pdf to excel"
1894,"pdf to excel editable converter online free",3,1,"pdf to excel"
1895,"pdf to excel format",3,1,"pdf to excel"
1896,"pdf to excel google",3,1,"pdf to excel"
1897,"pdf to excel hindi font",3,1,"pdf to excel"
1898,"pdf to excel jobs work from home",3,1,"pdf to excel"
1899,"pdf to excel krutidev",3,1,"pdf to excel"
1900,"pdf to excel light pdf",3,1,"pdf to excel"
1901,"pdf to excel me kaise convert kare",3,1,"pdf to excel"
1902,"pdf to excel no ocr",3,1,"pdf to excel"
1903,"pdf to excel power query",3,1,"pdf to excel"
1904,"pdf to excel proper format",3,1,"pdf to excel"
1905,"pdf to excel repotic",3,1,"pdf to excel"
1906,"pdf to excel single sheet converter",3,1,"pdf to excel"
1907,"pdf to excel text converter",3,1,"pdf to excel"
1908,"pdf to excel to word",3,1,"pdf to excel"
1909,"pdf to excel unlimited pages",3,1,"pdf to excel"
1910,"pdf to excel vba code",3,1,"pdf to excel"
1911,"pdf to excel with ocr",3,1,"pdf to excel"
1912,"pdf to excel without ocr",3,1,"pdf to excel"
1913,"pdf to jpg 0",3,1,"pdf to jpg"
1914,"pdf to jpg 150 kb",3,1,"pdf to jpg"
1915,"pdf to jpg 1500 x 1000",3,1,"pdf to jpg"
1916,"pdf to jpg 2mb",3,1,"pdf to jpg"
1917,"pdf to jpg 300 kb converter",3,1,"pdf to jpg"
1918,"pdf to jpg 450 kb",3,1,"pdf to jpg"
1919,"pdf to jpg 50 kb online free",3,1,"pdf to jpg"
1920,"pdf to jpg 600 dpi converter",3,1,"pdf to jpg"
1921,"pdf to jpg 7i",3,1,"pdf to jpg"
1922,"pdf to jpg 85 kb",3,1,"pdf to jpg"
1923,"pdf to jpg 95 kb",3,1,"pdf to jpg"
1924,"pdf to jpg apple",3,1,"pdf to jpg"
1925,"pdf to jpg big pdf",3,1,"pdf to jpg"
1926,"pdf to jpg converter i love you",3,1,"pdf to jpg"
1927,"pdf to jpg download free",3,1,"pdf to jpg"
1928,"pdf to jpg edit",3,1,"pdf to jpg"
1929,"pdf to jpg format",3,1,"pdf to jpg"
1930,"pdf to jpg google drive",3,1,"pdf to jpg"
1931,"pdf to jpg high resolution",3,1,"pdf to jpg"
1932,"pdf to jpg jpeg converter",3,1,"pdf to jpg"
1933,"pdf to jpg kaise banaye",3,1,"pdf to jpg"
1934,"pdf to jpg less than 1mb",3,1,"pdf to jpg"
1935,"pdf to jpg maker",3,1,"pdf to jpg"
1936,"pdf to jpg not zip",3,1,"pdf to jpg"
1937,"pdf to jpg pdf24",3,1,"pdf to jpg"
1938,"pdf to jpg qr code",3,1,"pdf to jpg"
1939,"pdf to jpg resize 100 kb",3,1,"pdf to jpg"
1940,"pdf to jpg smallpdf",3,1,"pdf to jpg"
1941,"pdf to jpg unlimited",3,1,"pdf to jpg"
1942,"pdf to jpg without compression",3,1,"pdf to jpg"
1943,"pdf to jpg word",3,1,"pdf to jpg"
1944,"pdf to jpg zon",3,1,"pdf to jpg"
1945,"pdf to ppt 15 mb",3,1,"pdf to ppt"
1946,"pdf to ppt 24 tools",3,1,"pdf to ppt"
1947,"pdf to ppt 3",3,1,"pdf to ppt"
1948,"pdf to ppt above 50 mb",3,1,"pdf to ppt"
1949,"pdf to ppt adobe",3,1,"pdf to ppt"
1950,"pdf to ppt apple",3,1,"pdf to ppt"
1951,"pdf to ppt big size",3,1,"pdf to ppt"
1952,"pdf to ppt converter 40 mb",3,1,"pdf to ppt"
1953,"pdf to ppt converter reddit",3,1,"pdf to ppt"
1954,"pdf to ppt design ai",3,1,"pdf to ppt"
1955,"pdf to ppt editable converter",3,1,"pdf to ppt"
1956,"pdf to ppt format",3,1,"pdf to ppt"
1957,"pdf to ppt gamma",3,1,"pdf to ppt"
1958,"pdf to ppt how",3,1,"pdf to ppt"
1959,"pdf to ppt konvertieren",3,1,"pdf to ppt"
1960,"pdf to ppt landscape converter",3,1,"pdf to ppt"
1961,"pdf to ppt merger",3,1,"pdf to ppt"
1962,"pdf to ppt notebooklm",3,1,"pdf to ppt"
1963,"pdf to ppt presentation ai",3,1,"pdf to ppt"
1964,"pdf to ppt slide converter free",3,1,"pdf to ppt"
1965,"pdf to ppt to edit",3,1,"pdf to ppt"
1966,"pdf to ppt using ai free",3,1,"pdf to ppt"
1967,"pdf to ppt viewer",3,1,"pdf to ppt"
1968,"pdf to pptx converter free online",3,1,"pdf to ppt"
1969,"pdf to word 100mb",3,1,"pdf to word"
1970,"pdf to word 300mb",3,1,"pdf to word"
1971,"pdf to word 400mb",3,1,"pdf to word"
1972,"pdf to word 500mb",3,1,"pdf to word"
1973,"pdf to word 6",3,1,"pdf to word"
1974,"pdf to word 70 mb",3,1,"pdf to word"
1975,"pdf to word adobe converter",3,1,"pdf to word"
1976,"pdf to word app free",3,1,"pdf to word"
1977,"pdf to word big file",3,1,"pdf to word"
1978,"pdf to word document converter free",3,1,"pdf to word"
1979,"pdf to word editable converter",3,1,"pdf to word"
1980,"pdf to word google",3,1,"pdf to word"
1981,"pdf to word how to convert",3,1,"pdf to word"
1982,"pdf to word i love my pdf",3,1,"pdf to word"
1983,"pdf to word job",3,1,"pdf to word"
1984,"pdf to word kaise kare",3,1,"pdf to word"
1985,"pdf to word large files free",3,1,"pdf to word"
1986,"pdf to word maker",3,1,"pdf to word"
1987,"pdf to word no size limit",3,1,"pdf to word"
1988,"pdf to word pad converter",3,1,"pdf to word"
1989,"pdf to word remove pages",3,1,"pdf to word"
1990,"pdf to word shortcut key",3,1,"pdf to word"
1991,"pdf to word to pdf converter online free",3,1,"pdf to word"
1992,"pdf to word typing jobs from home",3,1,"pdf to word"
1993,"pdf to word unicode converter",3,1,"pdf to word"
1994,"pdf to word utf-8",3,1,"pdf to word"
1995,"pdf to word you",3,1,"pdf to word"
1996,"pdf to word zoho",3,1,"pdf to word"
1997,"pdf to=ppt",3,1,"pdf to ppt"
1998,"pdf watermark apply",3,1,"watermark pdf"
1999,"pdf watermark kaise lagaye",3,1,"watermark pdf"
2000,"remove watermark from pdf 200mb",3,1,"watermark pdf"
2001,"rotate pdf 180 degrees",3,1,"rotate pdf"
2002,"rotate pdf 20 degrees",3,1,"rotate pdf"
2003,"rotate pdf 90",3,1,"rotate pdf"
2004,"rotate pdf and save online",3,1,"rotate pdf"
2005,"rotate pdf application",3,1,"rotate pdf"
2006,"rotate pdf by 90 degrees",3,1,"rotate pdf"
2007,"rotate pdf command",3,1,"rotate pdf"
2008,"rotate pdf degrees",3,1,"rotate pdf"
2009,"rotate pdf editor",3,1,"rotate pdf"
2010,"rotate pdf file online free",3,1,"rotate pdf"
2011,"rotate pdf for free online",3,1,"rotate pdf"
2012,"rotate pdf free windows",3,1,"rotate pdf"
2013,"rotate pdf google",3,1,"rotate pdf"
2014,"rotate pdf halaman tertentu",3,1,"rotate pdf"
2015,"rotate pdf high quality",3,1,"rotate pdf"
2016,"rotate pdf image online",3,1,"rotate pdf"
2017,"rotate pdf in i love pdf",3,1,"rotate pdf"
2018,"rotate pdf keyboard",3,1,"rotate pdf"
2019,"rotate pdf landscape",3,1,"rotate pdf"
2020,"rotate pdf max ai",3,1,"rotate pdf"
2021,"rotate pdf pages online free",3,1,"rotate pdf"
2022,"rotate pdf revu",3,1,"rotate pdf"
2023,"rotate pdf single page",3,1,"rotate pdf"
2024,"rotate pdf tool",3,1,"rotate pdf"
2025,"rotate pdf using adobe reader",3,1,"rotate pdf"
2026,"rotate pdf windows 11",3,1,"rotate pdf"
2027,"rotate pdf without acrobat",3,1,"rotate pdf"
2028,"rotate pdf xournal",3,1,"rotate pdf"
2029,"rotation pdf ncert",3,1,"rotate pdf"
2030,"small pdf ppt to jpg",3,1,"pdf to ppt"
2031,"split pdf 100 mb",3,1,"split pdf"
2032,"split pdf 200kb",3,1,"split pdf"
2033,"split pdf 3 pages",3,1,"split pdf"
2034,"split pdf 4",3,1,"split pdf"
2035,"split pdf and convert to jpg",3,1,"split pdf"
2036,"split pdf app windows",3,1,"split pdf"
2037,"split pdf by pages",3,1,"split pdf"
2038,"split pdf chapterwise",3,1,"split pdf"
2039,"split pdf download",3,1,"split pdf"
2040,"split pdf every x pages",3,1,"split pdf"
2041,"split pdf extract pages",3,1,"split pdf"
2042,"split pdf file online",3,1,"split pdf"
2043,"split pdf free download",3,1,"split pdf"
2044,"split pdf guru",3,1,"split pdf"
2045,"split pdf horizontally online",3,1,"split pdf"
2046,"split pdf in separate pages",3,1,"split pdf"
2047,"split pdf into 5 parts",3,1,"split pdf"
2048,"split pdf into 6 pages",3,1,"split pdf"
2049,"split pdf into single pages",3,1,"split pdf"
2050,"split pdf joiner",3,1,"split pdf"
2051,"split pdf keep signature",3,1,"split pdf"
2052,"split pdf merge",3,1,"split pdf"
2053,"split pdf nitro pro",3,1,"split pdf"
2054,"split pdf o que é",3,1,"split pdf"
2055,"split pdf pages into separate pdf",3,1,"split pdf"
2056,"split pdf que es",3,1,"split pdf"
2057,"split pdf range online",3,1,"split pdf"
2058,"split pdf separate files",3,1,"split pdf"
2059,"split pdf via adobe",3,1,"split pdf"
2060,"split pdf with page number",3,1,"split pdf"
2061,"split pdf zip",3,1,"split pdf"
2062,"split your pdf for free",3,1,"split pdf"
2063,"stamp pdf xchange editor",3,1,"watermark pdf"
2064,"star pdf watermark ultimate",3,1,"watermark pdf"
2065,"turn pdf jpeg",3,1,"rotate pdf"
2066,"turn your pdf into a flipbook",3,1,"rotate pdf"
2067,"watermark background pdf",3,1,"watermark pdf"
2068,"watermark pdf all pages",3,1,"watermark pdf"
2069,"watermark pdf converter",3,1,"watermark pdf"
2070,"watermark pdf delete",3,1,"watermark pdf"
2071,"watermark pdf for wordpress and woocommerce",3,1,"watermark pdf"
2072,"watermark pdf foxit",3,1,"watermark pdf"
2073,"watermark pdf free software",3,1,"watermark pdf"
2074,"watermark pdf guru",3,1,"watermark pdf"
2075,"watermark pdf laravel",3,1,"watermark pdf"
2076,"watermark pdf macbook",3,1,"watermark pdf"
2077,"watermark pdf remover ai",3,1,"watermark pdf"
2078,"watermark pdf software",3,1,"watermark pdf"
2079,"watermark pdf with adobe",3,1,"watermark pdf"
2080,"watermark power pdf",3,1,"watermark pdf"
2081,"watermark remover video pdf",3,1,"watermark pdf"
2082,"without watermark pdf maker",3,1,"watermark pdf"
2083,"word print to pdf 0 bytes",3,1,"word to pdf"
2084,"word to pdf 10kb",3,1,"word to pdf"
2085,"word to pdf 2mb converter",3,1,"word to pdf"
2086,"word to pdf 3mb",3,1,"word to pdf"
2087,"word to pdf 450 kb",3,1,"word to pdf"
2088,"word to pdf 5mb converter",3,1,"word to pdf"
2089,"word to pdf 6",3,1,"word to pdf"
2090,"word to pdf 70 mb",3,1,"word to pdf"
2091,"word to pdf and merge",3,1,"word to pdf"
2092,"word to pdf app download for pc",3,1,"word to pdf"
2093,"word to pdf black and white",3,1,"word to pdf"
2094,"word to pdf download free",3,1,"word to pdf"
2095,"word to pdf editor online",3,1,"word to pdf"
2096,"word to pdf good quality",3,1,"word to pdf"
2097,"word to pdf jpg converter online",3,1,"word to pdf"
2098,"word to pdf kb",3,1,"word to pdf"
2099,"word to pdf less than 200kb",3,1,"word to pdf"
2100,"word to pdf love you",3,1,"word to pdf"
2101,"word to pdf multiple files",3,1,"word to pdf"
2102,"word to pdf no limit",3,1,"word to pdf"
2103,"word to pdf pdf24",3,1,"word to pdf"
2104,"word to pdf quick",3,1,"word to pdf"
2105,"word to pdf reduce size",3,1,"word to pdf"
2106,"word to pdf smallpdf",3,1,"word to pdf"
2107,"word to pdf tamil",3,1,"word to pdf"
2108,"word to pdf under 2mb",3,1,"word to pdf"
2109,"word to pdf via link",3,1,"word to pdf"
2110,"word to pdf xps download",3,1,"word to pdf"
2111,"word to pdf zamzar converter",3,1,"word to pdf"
2112,"how to rotate a pdf document",4,5,"rotate pdf"
2113,"pdf to ppt converter ai",4,5,"pdf to ppt"
2114,"word to pdf converter i love pdf",4,5,"word to pdf"
2115,"compress pdf to 2mb",4,4,"compress pdf"
2116,"excel to pdf converter i love pdf",4,4,"excel to pdf"
2117,"pdf to excel converter i love pdf",4,4,"pdf to excel"
2118,"pdf to jpg converter free",4,4,"pdf to jpg"
2119,"pdf to word converter free offline",4,4,"pdf to word"
2120,"ocr pdf to excel converter",4,3,"ocr pdf"
2121,"watermark pdf in word",4,3,"watermark pdf"
2122,"can i put a watermark on a pdf",4,2,"watermark pdf"
2123,"compress pdf online 11zon",4,2,"compress pdf"
2124,"excel to pdf free online",4,2,"excel to pdf"
2125,"excel to pdf in excel",4,2,"excel to pdf"
2126,"excel to pdf online free converter",4,2,"excel to pdf"
2127,"excel to pdf to converter online",4,2,"excel to pdf"
2128,"how do you convert an excel to pdf",4,2,"excel to pdf"
2129,"how to convert excel to pdf in excel",4,2,"excel to pdf"
2130,"jpg to pdf compressor",4,2,"jpg to pdf"
2131,"jpg to pdf in high quality",4,2,"jpg to pdf"
2132,"jpg to pdf online2pdf",4,2,"jpg to pdf"
2133,"jpg to pdf to 100kb",4,2,"jpg to pdf"
2134,"merge pdf online 11zon",4,2,"merge pdf"
2135,"merge pdf to 1mb",4,2,"merge pdf"
2136,"ocr pdf more than 100 pages",4,2,"ocr pdf"
2137,"pdf to excel 300mb",4,2,"pdf to excel"
2138,"pdf to excel converter 500 pages",4,2,"pdf to excel"
2139,"pdf to excel free ocr",4,2,"pdf to excel"
2140,"pdf to excel high quality",4,2,"pdf to excel"
2141,"pdf to excel in one sheet free",4,2,"pdf to excel"
2142,"pdf to excel xls converter",4,2,"pdf to excel"
2143,"pdf to jpg in kb",4,2,"pdf to jpg"
2144,"pdf to jpg online2pdf",4,2,"pdf to jpg"
2145,"pdf to jpg to 50kb",4,2,"pdf to jpg"
2146,"pdf to ppt converter 500 kb",4,2,"pdf to ppt"
2147,"pdf to ppt for free",4,2,"pdf to ppt"
2148,"pdf to ppt free online",4,2,"pdf to ppt"
2149,"pdf to ppt free reddit",4,2,"pdf to ppt"
2150,"pdf to ppt in adobe",4,2,"pdf to ppt"
2151,"pdf to ppt online2pdf",4,2,"pdf to ppt"
2152,"pdf to ppt without losing quality",4,2,"pdf to ppt"
2153,"pdf to word converter 60mb",4,2,"pdf to word"
2154,"pdf to word free ocr",4,2,"pdf to word"
2155,"pdf to word in ms word",4,2,"pdf to word"
2156,"pdf to word online2pdf",4,2,"pdf to word"
2157,"pdf to word yang boleh edit",4,2,"pdf to word"
2158,"rotate pdf in iphone",4,2,"rotate pdf"
2159,"rotate pdf online per page",4,2,"rotate pdf"
2160,"rotate pdf reader",4,2,"rotate pdf"
2161,"rotate pdf to print",4,2,"rotate pdf"
2162,"split pdf online 11zon",4,2,"split pdf"
2163,"split pdf to separate pdf",4,2,"split pdf"
2164,"watermark for pdf",4,2,"watermark pdf"
2165,"watermark to pdf online free",4,2,"watermark pdf"
2166,"word to pdf converter 80 kb",4,2,"pdf to word"
2167,"word to pdf in laptop",4,2,"word to pdf"
2168,"word to pdf online2pdf",4,2,"word to pdf"
2169,"word to pdf to word",4,2,"word to pdf"
2170,"word to pdf without changing format",4,2,"word to pdf"
2171,"0nline pdf to excel converter",4,1,"pdf to excel"
2172,"add watermark kofax pdf",4,1,"watermark pdf"
2173,"add watermark to pdf visual",4,1,"watermark pdf"
2174,"best compress pdf free",4,1,"compress pdf"
2175,"best excel to pdf converter i love pdf",4,1,"excel to pdf"
2176,"best jpg to pdf converter app",4,1,"jpg to pdf"
2177,"best merge pdf tool",4,1,"merge pdf"
2178,"best pdf split and merge",4,1,"split pdf"
2179,"best pdf to excel converter software",4,1,"pdf to excel"
2180,"best pdf to jpg 200kb online free",4,1,"pdf to jpg"
2181,"best pdf to pptx converter",4,1,"pdf to ppt"
2182,"best pdf to word converter online",4,1,"pdf to word"
2183,"best pdf watermark remover software",4,1,"watermark pdf"
2184,"best word to pdf converter offline",4,1,"word to pdf"
2185,"can i convert pdf to excel for free",4,1,"pdf to excel"
2186,"compress pdf 00kb",4,1,"compress pdf"
2187,"compress pdf 11 zone",4,1,"compress pdf"
2188,"compress pdf 20 kb",4,1,"compress pdf"
2189,"compress pdf 300",4,1,"compress pdf"
2190,"compress pdf 400kb to 500kb",4,1,"compress pdf"
2191,"compress pdf 500kb free",4,1,"compress pdf"
2192,"compress pdf 6 mb to 3mb",4,1,"compress pdf"
2193,"compress pdf 75 kb",4,1,"compress pdf"
2194,"compress pdf 850 kb",4,1,"compress pdf"
2195,"compress pdf 950kb",4,1,"compress pdf"
2196,"compress pdf apple",4,1,"compress pdf"
2197,"compress pdf as per required size",4,1,"compress pdf"
2198,"compress pdf below 5mb",4,1,"compress pdf"
2199,"compress pdf canva",4,1,"compress pdf"
2200,"compress pdf document to 1mb",4,1,"compress pdf"
2201,"compress pdf eleven zone",4,1,"compress pdf"
2202,"compress pdf file online",4,1,"compress pdf"
2203,"compress pdf free 1mb",4,1,"compress pdf"
2204,"compress pdf github",4,1,"compress pdf"
2205,"compress pdf high quality free",4,1,"compress pdf"
2206,"compress pdf in 2mb",4,1,"compress pdf"
2207,"compress pdf jpg 50kb",4,1,"compress pdf"
2208,"compress pdf kb to 2mb",4,1,"compress pdf"
2209,"compress pdf less than 500kb",4,1,"compress pdf"
2210,"compress pdf means",4,1,"compress pdf"
2211,"compress pdf now",4,1,"compress pdf"
2212,"compress pdf pages",4,1,"compress pdf"
2213,"compress pdf quick online free",4,1,"compress pdf"
2214,"compress pdf reddit",4,1,"compress pdf"
2215,"compress pdf size to 1mb",4,1,"compress pdf"
2216,"compress pdf under 300kb",4,1,"compress pdf"
2217,"compress pdf vs flatten pdf",4,1,"compress pdf"
2218,"compress pdf with digital signature",4,1,"compress pdf"
2219,"compress pdf without removing digital signature",4,1,"compress pdf"
2220,"compress pdf x",4,1,"compress pdf"
2221,"compress pdf zip",4,1,"compress pdf"
2222,"convert excel to pdf using python",4,1,"excel to pdf"
2223,"convert pdf to excel nitro pro 9",4,1,"pdf to excel"
2224,"convert pdf to ppt i love you",4,1,"pdf to ppt"
2225,"excel to pdf 100 free",4,1,"excel to pdf"
2226,"excel to pdf 2",4,1,"excel to pdf"
2227,"excel to pdf app android",4,1,"excel to pdf"
2228,"excel to pdf by link",4,1,"excel to pdf"
2229,"excel to pdf driver",4,1,"excel to pdf"
2230,"excel to pdf extension",4,1,"excel to pdf"
2231,"excel to pdf for pc",4,1,"excel to pdf"
2232,"excel to pdf free download for windows 7",4,1,"excel to pdf"
2233,"excel to pdf gear",4,1,"excel to pdf"
2234,"excel to pdf how",4,1,"excel to pdf"
2235,"excel to pdf i love pdf converter",4,1,"excel to pdf"
2236,"excel to pdf image quality",4,1,"excel to pdf"
2237,"excel to pdf joiner",4,1,"excel to pdf"
2238,"excel to pdf kannada",4,1,"excel to pdf"
2239,"excel to pdf legal size",4,1,"excel to pdf"
2240,"excel to pdf merger",4,1,"excel to pdf"
2241,"excel to pdf nasıl yapılır",4,1,"excel to pdf"
2242,"excel to pdf no limit",4,1,"excel to pdf"
2243,"excel to pdf one page",4,1,"excel to pdf"
2244,"excel to pdf practice",4,1,"excel to pdf"
2245,"excel to pdf rotate",4,1,"excel to pdf"
2246,"excel to pdf sheet wise",4,1,"excel to pdf"
2247,"excel to pdf tools 24",4,1,"excel to pdf"
2248,"excel to pdf without cutting off",4,1,"excel to pdf"
2249,"excel to pdf word converter",4,1,"excel to pdf"
2250,"excel to pdf zip",4,1,"excel to pdf"
2251,"free compress pdf to 100kb",4,1,"compress pdf"
2252,"free excel to pdf converter app",4,1,"excel to pdf"
2253,"free jpg to pdf converter download",4,1,"jpg to pdf"
2254,"free merge pdf tool",4,1,"merge pdf"
2255,"free pdf to excel converter download",4,1,"pdf to excel"
2256,"free pdf to jpg converter download",4,1,"pdf to jpg"
2257,"free pdf to pptx converter",4,1,"pdf to ppt"
2258,"free pdf to word converter with ocr",4,1,"pdf to word"
2259,"free rotate pdf tool",4,1,"rotate pdf"
2260,"free split pdf into individual pages",4,1,"split pdf"
2261,"free watermark pdf adder",4,1,"watermark pdf"
2262,"free word to pdf converter download",4,1,"word to pdf"
2263,"how rotate pdf file",4,1,"rotate pdf"
2264,"how to compress pdf size",4,1,"compress pdf"
2265,"how to convert pdf to pptx",4,1,"pdf to ppt"
2266,"how to excel to pdf landscape",4,1,"excel to pdf"
2267,"how to jpg to pdf windows",4,1,"jpg to pdf"
2268,"how to merge pdf in windows",4,1,"merge pdf"
2269,"how to pdf to excel free",4,1,"pdf to excel"
2270,"how to pdf to jpg on iphone",4,1,"pdf to jpg"
2271,"how to pdf to word document",4,1,"pdf to word"
2272,"how to rotate pdf document permanently",4,1,"rotate pdf"
2273,"how to rotate pdf shortcut",4,1,"rotate pdf"
2274,"how to split pdf in adobe acrobat",4,1,"split pdf"
2275,"how to watermark pdf in adobe acrobat",4,1,"watermark pdf"
2276,"how to word to pdf on mac",4,1,"word to pdf"
2277,"i love pdf watermark jpg",4,1,"watermark pdf"
2278,"i love you jpg to pdf",4,1,"pdf to jpg"
2279,"jotform pdf to ppt converter",4,1,"pdf to ppt"
2280,"jpg to pdf 00kb",4,1,"jpg to pdf"
2281,"jpg to pdf 100 kb converter",4,1,"jpg to pdf"
2282,"jpg to pdf 200",4,1,"jpg to pdf"
2283,"jpg to pdf 300 kb i love pdf",4,1,"jpg to pdf"
2284,"jpg to pdf 400kb i love pdf",4,1,"jpg to pdf"
2285,"jpg to pdf 5mb",4,1,"jpg to pdf"
2286,"jpg to pdf 6mb converter",4,1,"jpg to pdf"
2287,"jpg to pdf 7pi",4,1,"jpg to pdf"
2288,"jpg to pdf 85 kb",4,1,"jpg to pdf"
2289,"jpg to pdf 99kb",4,1,"jpg to pdf"
2290,"jpg to pdf app android",4,1,"jpg to pdf"
2291,"jpg to pdf bulk",4,1,"jpg to pdf"
2292,"jpg to pdf download app",4,1,"jpg to pdf"
2293,"jpg to pdf excel",4,1,"jpg to pdf"
2294,"jpg to pdf file converter",4,1,"jpg to pdf"
2295,"jpg to pdf free converter download",4,1,"jpg to pdf"
2296,"jpg to pdf google",4,1,"jpg to pdf"
2297,"jpg to pdf high resolution",4,1,"jpg to pdf"
2298,"jpg to pdf image converter",4,1,"jpg to pdf"
2299,"jpg to pdf jpg converter",4,1,"jpg to pdf"
2300,"jpg to pdf kaise banaye",4,1,"jpg to pdf"
2301,"jpg to pdf less than 2mb",4,1,"jpg to pdf"
2302,"jpg to pdf merge online free",4,1,"jpg to pdf"
2303,"jpg to pdf name change",4,1,"jpg to pdf"
2304,"jpg to pdf ocr converter",4,1,"jpg to pdf"
2305,"jpg to pdf p7",4,1,"jpg to pdf"
2306,"jpg to pdf quick",4,1,"jpg to pdf"
2307,"jpg to pdf resize 200kb",4,1,"jpg to pdf"
2308,"jpg to pdf smallpdf",4,1,"jpg to pdf"
2309,"jpg to pdf under 2mb",4,1,"jpg to pdf"
2310,"jpg to pdf very high quality",4,1,"jpg to pdf"
2311,"jpg to pdf without margin",4,1,"jpg to pdf"
2312,"jpg to pdf word converter",4,1,"jpg to pdf"
2313,"jpg to pdf yang aman",4,1,"jpg to pdf"
2314,"jpg to pdf zone",4,1,"jpg to pdf"
2315,"kompres pdf yang sudah dikompres",4,1,"compress pdf"
2316,"merge 8 pdf into 1",4,1,"merge pdf"
2317,"merge pdf 11",4,1,"merge pdf"
2318,"merge pdf 2 pages into 1",4,1,"merge pdf"
2319,"merge pdf 300 files",4,1,"merge pdf"
2320,"merge pdf 40 files",4,1,"merge pdf"
2321,"merge pdf 500",4,1,"merge pdf"
2322,"merge pdf 6",4,1,"merge pdf"
2323,"merge pdf 70 files",4,1,"merge pdf"
2324,"merge pdf and word",4,1,"merge pdf"
2325,"merge pdf app for windows",4,1,"merge pdf"
2326,"merge pdf below 400kb",4,1,"merge pdf"
2327,"merge pdf convert to single pdf",4,1,"merge pdf"
2328,"merge pdf download",4,1,"merge pdf"
2329,"merge pdf excel",4,1,"merge pdf"
2330,"merge pdf free unlimited",4,1,"merge pdf"
2331,"merge pdf guru",4,1,"merge pdf"
2332,"merge pdf horizontally online free",4,1,"merge pdf"
2333,"merge pdf in i love pdf",4,1,"merge pdf"
2334,"merge pdf jpeg online",4,1,"merge pdf"
2335,"merge pdf klippa",4,1,"merge pdf"
2336,"merge pdf less than 1mb",4,1,"merge pdf"
2337,"merge pdf more than 100mb",4,1,"merge pdf"
2338,"merge pdf no size limit",4,1,"merge pdf"
2339,"merge pdf pi7 tool",4,1,"merge pdf"
2340,"merge pdf quick online free",4,1,"merge pdf"
2341,"merge pdf remove",4,1,"merge pdf"
2342,"merge pdf sequence wise",4,1,"merge pdf"
2343,"merge pdf under 2 mb",4,1,"merge pdf"
2344,"merge pdf video",4,1,"merge pdf"
2345,"merge pdf with word document",4,1,"merge pdf"
2346,"merge pdf without compression",4,1,"merge pdf"
2347,"merge pdf xml files",4,1,"merge pdf"
2348,"merge pdf zoho",4,1,"merge pdf"
2349,"merge your pdf",4,1,"merge pdf"
2350,"o'que significa split pdf",4,1,"split pdf"
2351,"ocr pdf 150 pages",4,1,"ocr pdf"
2352,"ocr pdf 200 pages",4,1,"ocr pdf"
2353,"ocr pdf arabic",4,1,"ocr pdf"
2354,"ocr pdf book",4,1,"ocr pdf"
2355,"ocr pdf conversion",4,1,"ocr pdf"
2356,"ocr pdf document to editable text",4,1,"ocr pdf"
2357,"ocr pdf edit",4,1,"ocr pdf"
2358,"ocr pdf file online",4,1,"ocr pdf"
2359,"ocr pdf for free online",4,1,"ocr pdf"
2360,"ocr pdf gratis",4,1,"ocr pdf"
2361,"ocr pdf hindi to word",4,1,"ocr pdf"
2362,"ocr pdf i love",4,1,"ocr pdf"
2363,"ocr pdf jpg",4,1,"ocr pdf"
2364,"ocr pdf kostenlos",4,1,"ocr pdf"
2365,"ocr pdf local",4,1,"ocr pdf"
2366,"ocr pdf no page limit",4,1,"ocr pdf"
2367,"ocr pdf online ilovepdf",4,1,"ocr pdf"
2368,"ocr pdf power automate",4,1,"ocr pdf"
2369,"ocr pdf readable",4,1,"ocr pdf"
2370,"ocr pdf searchable",4,1,"ocr pdf"
2371,"ocr pdf using ai",4,1,"ocr pdf"
2372,"ocr pdf vers excel",4,1,"ocr pdf"
2373,"ocr pdf windows",4,1,"ocr pdf"
2374,"ocr pdf x",4,1,"ocr pdf"
2375,"online compress pdf to 500kb",4,1,"compress pdf"
2376,"online excel to pdf converter free download",4,1,"excel to pdf"
2377,"online jpg to pdf 200kb",4,1,"jpg to pdf"
2378,"online merge pdf and jpg",4,1,"merge pdf"
2379,"online pdf to excel converter free without email",4,1,"pdf to excel"
2380,"online pdf to jpg i love",4,1,"pdf to jpg"
2381,"online pdf to ppt conversion",4,1,"pdf to ppt"
2382,"online pdf to word conversion",4,1,"pdf to word"
2383,"online pdf watermark remover free",4,1,"watermark pdf"
2384,"online rotate pdf editor free",4,1,"rotate pdf"
2385,"online split pdf files",4,1,"split pdf"
2386,"online word to pdf maker",4,1,"word to pdf"
2387,"pdf merge 950kb",4,1,"merge pdf"
2388,"pdf merger 0d 0a",4,1,"merge pdf"
2389,"pdf ocr 365",4,1,"ocr pdf"
2390,"pdf to excel 100 mb",4,1,"pdf to excel"
2391,"pdf to excel 2003",4,1,"pdf to excel"
2392,"pdf to excel ai converter online free",4,1,"pdf to excel"
2393,"pdf to excel apple",4,1,"pdf to excel"
2394,"pdf to excel bank statement converter free",4,1,"pdf to excel"
2395,"pdf to excel data entry jobs",4,1,"pdf to excel"
2396,"pdf to excel editable free",4,1,"pdf to excel"
2397,"pdf to excel for tally import",4,1,"pdf to excel"
2398,"pdf to excel gemini",4,1,"pdf to excel"
2399,"pdf to excel how",4,1,"pdf to excel"
2400,"pdf to excel java",4,1,"pdf to excel"
2401,"pdf to excel keep formatting",4,1,"pdf to excel"
2402,"pdf to excel large file converter online free",4,1,"pdf to excel"
2403,"pdf to excel mod apk",4,1,"pdf to excel"
2404,"pdf to excel nano",4,1,"pdf to excel"
2405,"pdf to excel online free download",4,1,"pdf to excel"
2406,"pdf to excel pdf gear",4,1,"pdf to excel"
2407,"pdf to excel row wise",4,1,"pdf to excel"
2408,"pdf to excel single sheet",4,1,"pdf to excel"
2409,"pdf to excel to go",4,1,"pdf to excel"
2410,"pdf to excel using ocr",4,1,"pdf to excel"
2411,"pdf to excel without login",4,1,"pdf to excel"
2412,"pdf to excel word",4,1,"pdf to excel"
2413,"pdf to jpg 100 kb converter",4,1,"pdf to jpg"
2414,"pdf to jpg 24",4,1,"pdf to jpg"
2415,"pdf to jpg 300 kb free",4,1,"pdf to jpg"
2416,"pdf to jpg 400 kb converter",4,1,"pdf to jpg"
2417,"pdf to jpg 50 to 100 kb",4,1,"pdf to jpg"
2418,"pdf to jpg 600",4,1,"pdf to jpg"
2419,"pdf to jpg 700 kb",4,1,"pdf to jpg"
2420,"pdf to jpg 80 kb online free",4,1,"pdf to jpg"
2421,"pdf to jpg 99kb",4,1,"pdf to jpg"
2422,"pdf to jpg add page",4,1,"pdf to jpg"
2423,"pdf to jpg app free",4,1,"pdf to jpg"
2424,"pdf to jpg bulk",4,1,"pdf to jpg"
2425,"pdf to jpg download for pc",4,1,"pdf to jpg"
2426,"pdf to jpg excel",4,1,"pdf to jpg"
2427,"pdf to jpg file",4,1,"pdf to jpg"
2428,"pdf to jpg free download",4,1,"pdf to jpg"
2429,"pdf to jpg gif png converter free",4,1,"pdf to jpg"
2430,"pdf to jpg hd converter",4,1,"pdf to jpg"
2431,"pdf to jpg jpg converter",4,1,"pdf to jpg"
2432,"pdf to jpg kb to mb",4,1,"pdf to jpg"
2433,"pdf to jpg large file",4,1,"pdf to jpg"
2434,"pdf to jpg merge online",4,1,"pdf to jpg"
2435,"pdf to jpg no limit",4,1,"pdf to jpg"
2436,"pdf to jpg pdf xchange",4,1,"pdf to jpg"
2437,"pdf to jpg photo",4,1,"pdf to jpg"
2438,"pdf to jpg quick",4,1,"pdf to jpg"
2439,"pdf to jpg resize in kb",4,1,"pdf to jpg"
2440,"pdf to jpg split",4,1,"pdf to jpg"
2441,"pdf to jpg tool",4,1,"pdf to jpg"
2442,"pdf to jpg under 50kb",4,1,"pdf to jpg"
2443,"pdf to jpg with 200kb",4,1,"pdf to jpg"
2444,"pdf to jpg without changing size",4,1,"pdf to jpg"
2445,"pdf to jpg zone",4,1,"pdf to jpg"
2446,"pdf to powerpoint to",4,1,"pdf to ppt"
2447,"pdf to ppt 1gb",4,1,"pdf to ppt"
2448,"pdf to ppt 2010",4,1,"pdf to ppt"
2449,"pdf to ppt ai converter",4,1,"pdf to ppt"
2450,"pdf to ppt big file",4,1,"pdf to ppt"
2451,"pdf to ppt converter app",4,1,"pdf to ppt"
2452,"pdf to ppt dönüştürücü",4,1,"pdf to ppt"
2453,"pdf to ppt editor",4,1,"pdf to ppt"
2454,"pdf to ppt good quality",4,1,"pdf to ppt"
2455,"pdf to ppt google slides",4,1,"pdf to ppt"
2456,"pdf to ppt không bị lỗi font",4,1,"pdf to ppt"
2457,"pdf to ppt larger than 15 mb",4,1,"pdf to ppt"
2458,"pdf to ppt means",4,1,"pdf to ppt"
2459,"pdf to ppt microsoft 365",4,1,"pdf to ppt"
2460,"pdf to ppt no sign up",4,1,"pdf to ppt"
2461,"pdf to ppt ocr",4,1,"pdf to ppt"
2462,"pdf to ppt pdf24",4,1,"pdf to ppt"
2463,"pdf to ppt smallpdf",4,1,"pdf to ppt"
2464,"pdf to ppt text converter",4,1,"pdf to ppt"
2465,"pdf to ppt using canva",4,1,"pdf to ppt"
2466,"pdf to pptx converter online",4,1,"pdf to ppt"
2467,"pdf to word 11",4,1,"pdf to word"
2468,"pdf to word 2003",4,1,"pdf to word"
2469,"pdf to word 30 mb free",4,1,"pdf to word"
2470,"pdf to word 5 mb",4,1,"pdf to word"
2471,"pdf to word 7 converter",4,1,"pdf to word"
2472,"pdf to word adobe acrobat",4,1,"pdf to word"
2473,"pdf to word apply ocr",4,1,"pdf to word"
2474,"pdf to word by i love pdf",4,1,"pdf to word"
2475,"pdf to word doc converter",4,1,"pdf to word"
2476,"pdf to word editor online",4,1,"pdf to word"
2477,"pdf to word for free",4,1,"pdf to word"
2478,"pdf to word format",4,1,"pdf to word"
2479,"pdf to word github",4,1,"pdf to word"
2480,"pdf to word hindi converter",4,1,"pdf to word"
2481,"pdf to word jpg free",4,1,"pdf to word"
2482,"pdf to word kruti dev 10",4,1,"pdf to word"
2483,"pdf to word landscape converter",4,1,"pdf to word"
2484,"pdf to word meaning",4,1,"pdf to word"
2485,"pdf to word no changes",4,1,"pdf to word"
2486,"pdf to word pdf",4,1,"pdf to word"
2487,"pdf to word resize",4,1,"pdf to word"
2488,"pdf to word soda",4,1,"pdf to word"
2489,"pdf to word tamil",4,1,"pdf to word"
2490,"pdf to word to edit",4,1,"pdf to word"
2491,"pdf to word unicode converter online free",4,1,"pdf to word"
2492,"pdf to word utf 8 online",4,1,"pdf to word"
2493,"pdf to word v",4,1,"pdf to word"
2494,"pdf to word without ocr",4,1,"pdf to word"
2495,"pdf to word x",4,1,"pdf to word"
2496,"pdf to word zion",4,1,"pdf to word"
2497,"pdf watermark free remover",4,1,"watermark pdf"
2498,"pdf watermark logo remover",4,1,"watermark pdf"
2499,"pdf watermark online remover",4,1,"watermark pdf"
2500,"pdf watermark print",4,1,"watermark pdf"
2501,"pdf zhuan ppt",4,1,"pdf to ppt"
2502,"pdfgear watermark",4,1,"watermark pdf"
2503,"ppt to pdf 0",4,1,"pdf to ppt"
2504,"quick ocr pdf",4,1,"ocr pdf"
2505,"remove watermark from pdf how",4,1,"watermark pdf"
2506,"remove watermark from pdf using ai for free",4,1,"watermark pdf"
2507,"remove watermark pdf xchange editor",4,1,"watermark pdf"
2508,"rotate and zoom pdf",4,1,"rotate pdf"
2509,"rotate page pdf xchange",4,1,"rotate pdf"
2510,"rotate pdf 11",4,1,"rotate pdf"
2511,"rotate pdf 90 degrees shortcut",4,1,"rotate pdf"
2512,"rotate pdf and merge",4,1,"rotate pdf"
2513,"rotate pdf big pdf",4,1,"rotate pdf"
2514,"rotate pdf chef",4,1,"rotate pdf"
2515,"rotate pdf drive",4,1,"rotate pdf"
2516,"rotate pdf each page online",4,1,"rotate pdf"
2517,"rotate pdf for printing",4,1,"rotate pdf"
2518,"rotate pdf free no sign up",4,1,"rotate pdf"
2519,"rotate pdf from landscape to portrait online",4,1,"rotate pdf"
2520,"rotate pdf google docs",4,1,"rotate pdf"
2521,"rotate pdf keybind",4,1,"rotate pdf"
2522,"rotate pdf linux",4,1,"rotate pdf"
2523,"rotate pdf mac",4,1,"rotate pdf"
2524,"rotate pdf pages one by one",4,1,"rotate pdf"
2525,"rotate pdf smallpdf",4,1,"rotate pdf"
2526,"rotate pdf ubuntu command line",4,1,"rotate pdf"
2527,"rotate pdf vscode",4,1,"rotate pdf"
2528,"rotate pdf with keyboard",4,1,"rotate pdf"
2529,"rotate pdf without acrobat pro",4,1,"rotate pdf"
2530,"rotate pdf24 tools",4,1,"rotate pdf"
2531,"split pages pdf xchange editor",4,1,"split pdf"
2532,"split pdf 11",4,1,"split pdf"
2533,"split pdf 2 pages",4,1,"split pdf"
2534,"split pdf 300 pages",4,1,"split pdf"
2535,"split pdf ai free",4,1,"split pdf"
2536,"split pdf app free",4,1,"split pdf"
2537,"split pdf by size online free",4,1,"split pdf"
2538,"split pdf chef",4,1,"split pdf"
2539,"split pdf down the middle",4,1,"split pdf"
2540,"split pdf each page",4,1,"split pdf"
2541,"split pdf for free",4,1,"split pdf"
2542,"split pdf free online no limit",4,1,"split pdf"
2543,"split pdf gratis",4,1,"split pdf"
2544,"split pdf hd",4,1,"split pdf"
2545,"split pdf i love you",4,1,"split pdf"
2546,"split pdf in 3 parts",4,1,"split pdf"
2547,"split pdf into 2 parts",4,1,"split pdf"
2548,"split pdf into 5mb files",4,1,"split pdf"
2549,"split pdf into 6",4,1,"split pdf"
2550,"split pdf jadi beberapa file",4,1,"split pdf"
2551,"split pdf keep bookmarks",4,1,"split pdf"
2552,"split pdf locally",4,1,"split pdf"
2553,"split pdf more than 100mb",4,1,"split pdf"
2554,"split pdf n8n",4,1,"split pdf"
2555,"split pdf pages in half",4,1,"split pdf"
2556,"split pdf reduce size",4,1,"split pdf"
2557,"split pdf split pdf split pdf",4,1,"split pdf"
2558,"split pdf upto 300 mb",4,1,"split pdf"
2559,"split pdf vertically free",4,1,"split pdf"
2560,"split pdf with different names",4,1,"split pdf"
2561,"split pdf without zip file",4,1,"split pdf"
2562,"stamp pdf app",4,1,"watermark pdf"
2563,"turn js pdf",4,1,"rotate pdf"
2564,"turn pdf notes into flashcards",4,1,"rotate pdf"
2565,"turn your pdf into mind map",4,1,"rotate pdf"
2566,"watermark bulk pdf",4,1,"watermark pdf"
2567,"watermark pdf acrobat",4,1,"watermark pdf"
2568,"watermark pdf creator",4,1,"watermark pdf"
2569,"watermark pdf draft",4,1,"watermark pdf"
2570,"watermark pdf foxit reader",4,1,"watermark pdf"
2571,"watermark pdf macos",4,1,"watermark pdf"
2572,"watermark pdf remover online free",4,1,"watermark pdf"
2573,"watermark pdf soda",4,1,"watermark pdf"
2574,"watermark pdf what is it",4,1,"watermark pdf"
2575,"without watermark pdf editor",4,1,"watermark pdf"
2576,"word to pdf 150 kb",4,1,"word to pdf"
2577,"word to pdf 24 pdf",4,1,"word to pdf"
2578,"word to pdf 30 mb free",4,1,"word to pdf"
2579,"word to pdf 4mb",4,1,"word to pdf"
2580,"word to pdf 50 kb",4,1,"word to pdf"
2581,"word to pdf app free",4,1,"word to pdf"
2582,"word to pdf big pdf",4,1,"word to pdf"
2583,"word to pdf converter 995 free download",4,1,"word to pdf"
2584,"word to pdf download for pc",4,1,"word to pdf"
2585,"word to pdf extension",4,1,"word to pdf"
2586,"word to pdf file converter",4,1,"word to pdf"
2587,"word to pdf free online converter without email",4,1,"word to pdf"
2588,"word to pdf google docs",4,1,"word to pdf"
2589,"word to pdf high resolution",4,1,"word to pdf"
2590,"word to pdf i love my pdf",4,1,"word to pdf"
2591,"word to pdf ilove you",4,1,"word to pdf"
2592,"word to pdf job",4,1,"word to pdf"
2593,"word to pdf kokila font",4,1,"word to pdf"
2594,"word to pdf large file free",4,1,"word to pdf"
2595,"word to pdf merger",4,1,"word to pdf"
2596,"word to pdf not converting properly",4,1,"word to pdf"
2597,"word to pdf ocr converter",4,1,"word to pdf"
2598,"word to pdf pdf",4,1,"word to pdf"
2599,"word to pdf quality images",4,1,"word to pdf"
2600,"word to pdf remove pages",4,1,"word to pdf"
2601,"word to pdf shortcut",4,1,"word to pdf"
2602,"word to pdf trackid sp 006",4,1,"word to pdf"
2603,"word to pdf under 300kb",4,1,"word to pdf"
2604,"word to pdf windows 7",4,1,"word to pdf"
2605,"word to pdf with tamil font",4,1,"word to pdf"
2606,"word to pdf zon11",4,1,"word to pdf"
2607,"xls xlsx to pdf",4,1,"excel to pdf"
2608,"yolo ocr pdf",4,1,"ocr pdf"
2609,"zapier ocr pdf",4,1,"ocr pdf"
2610,"word to pdf converter offline",5,5,"word to pdf"
2611,"pdf to jpg converter download",5,4,"pdf to jpg"
2612,"pdf to ppt converter i love pdf",5,4,"pdf to ppt"
2613,"compress pdf to 1mb free",5,3,"compress pdf"
2614,"how to split apart a pdf",5,3,"split pdf"
2615,"ocr pdf to word free",5,3,"ocr pdf"
2616,"pdf to excel converter free offline",5,3,"pdf to excel"
2617,"pdf to excel up to 50 mb",5,3,"pdf to excel"
2618,"pdf to ppt conversion",5,3,"pdf to ppt"
2619,"pdf to word converter i love pdf",5,3,"pdf to word"
2620,"rotate pdf in google drive",5,3,"rotate pdf"
2621,"5 word to pdf",5,2,"pdf to word"
2622,"compress pdf online to 500kb",5,2,"compress pdf"
2623,"excel to pdf conversion",5,2,"excel to pdf"
2624,"excel to pdf file",5,2,"excel to pdf"
2625,"excel to pdf in one sheet",5,2,"excel to pdf"
2626,"excel to pdf online free download",5,2,"excel to pdf"
2627,"jpg to pdf converter 200kb",5,2,"jpg to pdf"
2628,"jpg to pdf in 300 kb",5,2,"jpg to pdf"
2629,"jpg to pdf to 200kb",5,2,"jpg to pdf"
2630,"merge pdf online2pdf",5,2,"merge pdf"
2631,"merge pdf to one",5,2,"merge pdf"
2632,"pdf to excel in ms excel",5,2,"pdf to excel"
2633,"pdf to excel in one sheet converter",5,2,"pdf to excel"
2634,"pdf to excel xls",5,2,"pdf to excel"
2635,"pdf to jpg online converter free download",5,2,"pdf to jpg"
2636,"pdf to jpg to word converter",5,2,"pdf to jpg"
2637,"pdf to ppt high resolution",5,2,"pdf to ppt"
2638,"pdf to word 2007 converter online free",5,2,"pdf to word"
2639,"pdf to word excel",5,2,"pdf to word"
2640,"pdf to word in editable format",5,2,"pdf to word"
2641,"pdf to word youpdf",5,2,"pdf to word"
2642,"rotate pdf online free i love pdf",5,2,"rotate pdf"
2643,"rotate pdf to jpg",5,2,"rotate pdf"
2644,"split pdf in half",5,2,"split pdf"
2645,"split pdf online sejda",5,2,"split pdf"
2646,"split pdf to word converter",5,2,"split pdf"
2647,"watermark in pdf",5,2,"watermark pdf"
2648,"watermark to pdf sejda",5,2,"watermark pdf"
2649,"word to pdf in pdf24",5,2,"word to pdf"
2650,"word to pdf to word converter free",5,2,"word to pdf"
2651,"word to pdf without losing image quality",5,2,"word to pdf"
2652,"add watermark pdf preview mac",5,1,"watermark pdf"
2653,"add watermark pdf xchange editor",5,1,"watermark pdf"
2654,"add watermark to pdf using adobe",5,1,"watermark pdf"
2655,"best compress pdf site",5,1,"compress pdf"
2656,"best excel to pdf converter online free",5,1,"excel to pdf"
2657,"best jpg to pdf",5,1,"jpg to pdf"
2658,"best merge pdf app",5,1,"merge pdf"
2659,"best pdf splitting app for mobile",5,1,"split pdf"
2660,"best pdf to excel",5,1,"pdf to excel"
2661,"best pdf to jpg converter app for windows",5,1,"pdf to jpg"
2662,"best pdf to ppt converter ai free",5,1,"pdf to ppt"
2663,"best pdf to word converter app",5,1,"pdf to word"
2664,"best pdf watermark remover app",5,1,"watermark pdf"
2665,"best word to pdf converter online",5,1,"word to pdf"
2666,"can you change pdf to ppt",5,1,"pdf to ppt"
2667,"combine pdf yang aman",5,1,"merge pdf"
2668,"compress pdf 0.9 mb",5,1,"compress pdf"
2669,"compress pdf 1000kb",5,1,"compress pdf"
2670,"compress pdf 200",5,1,"compress pdf"
2671,"compress pdf 350 kb",5,1,"compress pdf"
2672,"compress pdf 400",5,1,"compress pdf"
2673,"compress pdf 500",5,1,"compress pdf"
2674,"compress pdf 600 kb online free",5,1,"compress pdf"
2675,"compress pdf 7 mb",5,1,"compress pdf"
2676,"compress pdf 800 kb i love pdf",5,1,"compress pdf"
2677,"compress pdf 99 kb",5,1,"compress pdf"
2678,"compress pdf ai",5,1,"compress pdf"
2679,"compress pdf apple preview",5,1,"compress pdf"
2680,"compress pdf below 100kb",5,1,"compress pdf"
2681,"compress pdf convert",5,1,"compress pdf"
2682,"compress pdf customize",5,1,"compress pdf"
2683,"compress pdf desired size",5,1,"compress pdf"
2684,"compress pdf editor online",5,1,"compress pdf"
2685,"compress pdf file size online free",5,1,"compress pdf"
2686,"compress pdf free no sign up",5,1,"compress pdf"
2687,"compress pdf government website",5,1,"compress pdf"
2688,"compress pdf high quality to 200kb",5,1,"compress pdf"
2689,"compress pdf in 500kb",5,1,"compress pdf"
2690,"compress pdf into 2mb",5,1,"compress pdf"
2691,"compress pdf jpg to 100kb",5,1,"compress pdf"
2692,"compress pdf kb to 5mb",5,1,"compress pdf"
2693,"compress pdf less than 100kb",5,1,"compress pdf"
2694,"compress pdf manually",5,1,"compress pdf"
2695,"compress pdf not more than 2mb",5,1,"compress pdf"
2696,"compress pdf pdf24",5,1,"compress pdf"
2697,"compress pdf quillbot",5,1,"compress pdf"
2698,"compress pdf required size",5,1,"compress pdf"
2699,"compress pdf size to 100kb",5,1,"compress pdf"
2700,"compress pdf under 2mb",5,1,"compress pdf"
2701,"compress pdf video file size",5,1,"compress pdf"
2702,"compress pdf without losing image quality",5,1,"compress pdf"
2703,"compress pdf zamzar",5,1,"compress pdf"
2704,"compress ppt to pdf",5,1,"pdf to ppt"
2705,"convert 6 word to pdf",5,1,"word to pdf"
2706,"convert pdf to jpg 0.5 mb",5,1,"pdf to jpg"
2707,"convert pdf to ppt free online zamzar",5,1,"pdf to ppt"
2708,"convert your pdf to jpg",5,1,"pdf to jpg"
2709,"easy way to convert pdf to powerpoint",5,1,"pdf to ppt"
2710,"excel pdf yapma",5,1,"excel to pdf"
2711,"excel to pdf 100",5,1,"excel to pdf"
2712,"excel to pdf 2007",5,1,"excel to pdf"
2713,"excel to pdf adobe",5,1,"excel to pdf"
2714,"excel to pdf application",5,1,"excel to pdf"
2715,"excel to pdf bank statement converter",5,1,"excel to pdf"
2716,"excel to pdf delete pages",5,1,"excel to pdf"
2717,"excel to pdf extension download",5,1,"excel to pdf"
2718,"excel to pdf for all sheets",5,1,"excel to pdf"
2719,"excel to pdf free converter download",5,1,"excel to pdf"
2720,"excel to pdf gratuit",5,1,"excel to pdf"
2721,"excel to pdf how to save",5,1,"excel to pdf"
2722,"excel to pdf jpg online",5,1,"excel to pdf"
2723,"excel to pdf keep header on each page",5,1,"excel to pdf"
2724,"excel to pdf l converter",5,1,"excel to pdf"
2725,"excel to pdf low quality",5,1,"excel to pdf"
2726,"excel to pdf maker online",5,1,"excel to pdf"
2727,"excel to pdf nitro",5,1,"excel to pdf"
2728,"excel to pdf printer driver",5,1,"excel to pdf"
2729,"excel to pdf remove blank pages",5,1,"excel to pdf"
2730,"excel to pdf soda",5,1,"excel to pdf"
2731,"excel to pdf to jpg",5,1,"excel to pdf"
2732,"excel to pdf transfer",5,1,"excel to pdf"
2733,"excel to pdf using excel",5,1,"excel to pdf"
2734,"excel to pdf without losing formatting",5,1,"excel to pdf"
2735,"excel to pdf zon",5,1,"excel to pdf"
2736,"free compress pdf to 500kb",5,1,"compress pdf"
2737,"free excel to pdf converter software download",5,1,"excel to pdf"
2738,"free jpg to pdf converter app",5,1,"jpg to pdf"
2739,"free merge pdf online tool",5,1,"merge pdf"
2740,"free pdf to excel converter with ocr",5,1,"pdf to excel"
2741,"free pdf to jpg converter no sign up",5,1,"pdf to jpg"
2742,"free pdf to ppt converter canva",5,1,"pdf to ppt"
2743,"free pdf to word file converter",5,1,"pdf to word"
2744,"free rotate pdf file online",5,1,"rotate pdf"
2745,"free split pdf into multiple files",5,1,"split pdf"
2746,"free watermark pdf editor",5,1,"watermark pdf"
2747,"free word to pdf converter app",5,1,"word to pdf"
2748,"hapus watermark pdf",5,1,"watermark pdf"
2749,"how rotate pdf and save",5,1,"rotate pdf"
2750,"how to change pdf to ppt",5,1,"pdf to ppt"
2751,"how to compress pdf file in mobile",5,1,"compress pdf"
2752,"how to convert long excel to pdf",5,1,"excel to pdf"
2753,"how to excel to pdf free",5,1,"excel to pdf"
2754,"how to jpg to pdf online",5,1,"jpg to pdf"
2755,"how to merge pdf files in laptop",5,1,"merge pdf"
2756,"how to pdf to excel converter free",5,1,"pdf to excel"
2757,"how to pdf to jpg mac",5,1,"pdf to jpg"
2758,"how to pdf to word doc",5,1,"pdf to word"
2759,"how to rotate pdf in laptop",5,1,"rotate pdf"
2760,"how to split pdf pages in i love pdf",5,1,"split pdf"
2761,"how to watermark pdf in preview",5,1,"watermark pdf"
2762,"how to word to pdf save",5,1,"word to pdf"
2763,"jpg to pdf 1mb converter",5,1,"jpg to pdf"
2764,"jpg to pdf 2 mb converter",5,1,"jpg to pdf"
2765,"jpg to pdf 350 kb",5,1,"jpg to pdf"
2766,"jpg to pdf 4mb",5,1,"jpg to pdf"
2767,"jpg to pdf 50kb to 100kb online free",5,1,"jpg to pdf"
2768,"jpg to pdf 60 kb online free",5,1,"jpg to pdf"
2769,"jpg to pdf 7",5,1,"jpg to pdf"
2770,"jpg to pdf 8 mb",5,1,"jpg to pdf"
2771,"jpg to pdf 90kb converter",5,1,"jpg to pdf"
2772,"jpg to pdf and reduce size",5,1,"jpg to pdf"
2773,"jpg to pdf apple",5,1,"jpg to pdf"
2774,"jpg to pdf below 500kb",5,1,"jpg to pdf"
2775,"jpg to pdf doc scanner",5,1,"jpg to pdf"
2776,"jpg to pdf extension",5,1,"jpg to pdf"
2777,"jpg to pdf format",5,1,"jpg to pdf"
2778,"jpg to pdf free no sign up",5,1,"jpg to pdf"
2779,"jpg to pdf good quality free",5,1,"jpg to pdf"
2780,"jpg to pdf high quality 1200 dpi",5,1,"jpg to pdf"
2781,"jpg to pdf joiner online free",5,1,"jpg to pdf"
2782,"jpg to pdf kb size",5,1,"jpg to pdf"
2783,"jpg to pdf less than 300kb",5,1,"jpg to pdf"
2784,"jpg to pdf merge converter",5,1,"jpg to pdf"
2785,"jpg to pdf no limit",5,1,"jpg to pdf"
2786,"jpg to pdf ocr",5,1,"ocr pdf"
2787,"jpg to pdf one page",5,1,"jpg to pdf"
2788,"jpg to pdf online i love pdf",5,1,"jpg to pdf"
2789,"jpg to pdf pdf",5,1,"jpg to pdf"
2790,"jpg to pdf quick converter",5,1,"jpg to pdf"
2791,"jpg to pdf resize 300 kb",5,1,"jpg to pdf"
2792,"jpg to pdf small size",5,1,"jpg to pdf"
2793,"jpg to pdf under 1 mb",5,1,"jpg to pdf"
2794,"jpg to pdf vertical",5,1,"jpg to pdf"
2795,"jpg to pdf with crop",5,1,"jpg to pdf"
2796,"jpg to pdf without limit",5,1,"jpg to pdf"
2797,"jpg to pdf y",5,1,"jpg to pdf"
2798,"jpg to pdf zion",5,1,"jpg to pdf"
2799,"jpg to ppt i love pdf",5,1,"pdf to ppt"
2800,"kompres pdf yang bisa diatur",5,1,"compress pdf"
2801,"merge 6 pdf into 1",5,1,"merge pdf"
2802,"merge 8 pdf",5,1,"merge pdf"
2803,"merge pdf 100 files",5,1,"merge pdf"
2804,"merge pdf 2 mb",5,1,"merge pdf"
2805,"merge pdf 300mb",5,1,"merge pdf"
2806,"merge pdf 480 kb",5,1,"merge pdf"
2807,"merge pdf 500mb",5,1,"merge pdf"
2808,"merge pdf 75 kb",5,1,"merge pdf"
2809,"merge pdf and jpg into pdf",5,1,"merge pdf"
2810,"merge pdf apple",5,1,"merge pdf"
2811,"merge pdf by i love pdf",5,1,"merge pdf"
2812,"merge pdf converter online free",5,1,"merge pdf"
2813,"merge pdf docs",5,1,"merge pdf"
2814,"merge pdf extract",5,1,"merge pdf"
2815,"merge pdf files free",5,1,"merge pdf"
2816,"merge pdf free i love pdf",5,1,"merge pdf"
2817,"merge pdf good quality",5,1,"merge pdf"
2818,"merge pdf high resolution",5,1,"merge pdf"
2819,"merge pdf in online",5,1,"merge pdf"
2820,"merge pdf into one file",5,1,"merge pdf"
2821,"merge pdf jpg in one pdf",5,1,"merge pdf"
2822,"merge pdf ko separate kaise kare",5,1,"merge pdf"
2823,"merge pdf less than 2mb",5,1,"merge pdf"
2824,"merge pdf meaning in hindi",5,1,"merge pdf"
2825,"merge pdf o",5,1,"merge pdf"
2826,"merge pdf pdf24",5,1,"merge pdf"
2827,"merge pdf quality",5,1,"merge pdf"
2828,"merge pdf rotate",5,1,"merge pdf"
2829,"merge pdf sejda online",5,1,"merge pdf"
2830,"merge pdf under 1mb",5,1,"merge pdf"
2831,"merge pdf video online",5,1,"merge pdf"
2832,"merge pdf with photo",5,1,"merge pdf"
2833,"merge pdf without removing dsc",5,1,"merge pdf"
2834,"merge pdf xournal",5,1,"merge pdf"
2835,"merge pdf zamzar",5,1,"merge pdf"
2836,"ocr a pdf",5,1,"ocr pdf"
2837,"ocr pdf .net",5,1,"ocr pdf"
2838,"ocr pdf 150 mb",5,1,"ocr pdf"
2839,"ocr pdf 2",5,1,"ocr pdf"
2840,"ocr pdf app",5,1,"ocr pdf"
2841,"ocr pdf bengali",5,1,"ocr pdf"
2842,"ocr pdf converter online free",5,1,"ocr pdf"
2843,"ocr pdf docx",5,1,"ocr pdf"
2844,"ocr pdf edit online free",5,1,"ocr pdf"
2845,"ocr pdf file converter",5,1,"ocr pdf"
2846,"ocr pdf for mac",5,1,"ocr pdf"
2847,"ocr pdf google",5,1,"ocr pdf"
2848,"ocr pdf huggingface",5,1,"ocr pdf"
2849,"ocr pdf image to word",5,1,"ocr pdf"
2850,"ocr pdf ke word gratis",5,1,"ocr pdf"
2851,"ocr pdf large files",5,1,"ocr pdf"
2852,"ocr pdf marathi",5,1,"ocr pdf"
2853,"ocr pdf on mac",5,1,"ocr pdf"
2854,"ocr pdf pdf24 tools",5,1,"ocr pdf"
2855,"ocr pdf reddit",5,1,"ocr pdf"
2856,"ocr pdf smallpdf",5,1,"ocr pdf"
2857,"ocr pdf urdu",5,1,"ocr pdf"
2858,"ocr pdf vers word gratuit",5,1,"ocr pdf"
2859,"ocr pdf word free",5,1,"ocr pdf"
2860,"online compress pdf to 100kb",5,1,"compress pdf"
2861,"online excel to pdf converter in landscape",5,1,"excel to pdf"
2862,"online jpg to pdf converter below 200kb",5,1,"jpg to pdf"
2863,"online merge pdf and image",5,1,"merge pdf"
2864,"online pdf to excel converter ocr free",5,1,"pdf to excel"
2865,"online pdf to jpg image converter",5,1,"pdf to jpg"
2866,"online pdf to ppt converter ai",5,1,"pdf to ppt"
2867,"online pdf to word converter tamil",5,1,"pdf to word"
2868,"online pdf watermark add",5,1,"watermark pdf"
2869,"online rotate pdf and save",5,1,"rotate pdf"
2870,"online split pdf pages free",5,1,"split pdf"
2871,"online word to pdf converter free download",5,1,"word to pdf"
2872,"optical character recognition pdf xchange editor",5,1,"ocr pdf"
2873,"pdf merge 990 kb",5,1,"merge pdf"
2874,"pdf ocr yapma ücretsiz",5,1,"ocr pdf"
2875,"pdf to excel 1 page",5,1,"pdf to excel"
2876,"pdf to excel 26as",5,1,"pdf to excel"
2877,"pdf to excel 700 pages",5,1,"excel to pdf"
2878,"pdf to excel app download free",5,1,"pdf to excel"
2879,"pdf to excel bank statement online",5,1,"pdf to excel"
2880,"pdf to excel data entry",5,1,"pdf to excel"
2881,"pdf to excel exact converter online",5,1,"pdf to excel"
2882,"pdf to excel file",5,1,"pdf to excel"
2883,"pdf to excel for free online",5,1,"pdf to excel"
2884,"pdf to excel free download online",5,1,"pdf to excel"
2885,"pdf to excel go",5,1,"pdf to excel"
2886,"pdf to excel high quality free",5,1,"pdf to excel"
2887,"pdf to excel i love pdf converter",5,1,"pdf to excel"
2888,"pdf to excel js",5,1,"pdf to excel"
2889,"pdf to excel khmer",5,1,"pdf to excel"
2890,"pdf to excel love converter",5,1,"pdf to excel"
2891,"pdf to excel maker",5,1,"pdf to excel"
2892,"pdf to excel nitro",5,1,"pdf to excel"
2893,"pdf to excel ocr converter",5,1,"pdf to excel"
2894,"pdf to excel office 365",5,1,"pdf to excel"
2895,"pdf to excel online ocr",5,1,"pdf to excel"
2896,"pdf to excel password remover",5,1,"pdf to excel"
2897,"pdf to excel reader",5,1,"pdf to excel"
2898,"pdf to excel sheet converter online free",5,1,"pdf to excel"
2899,"pdf to excel tamil",5,1,"pdf to excel"
2900,"pdf to excel to converter online",5,1,"pdf to excel"
2901,"pdf to excel without online",5,1,"pdf to excel"
2902,"pdf to excel work from home",5,1,"pdf to excel"
2903,"pdf to jpg 1mb converter",5,1,"pdf to jpg"
2904,"pdf to jpg 2mb converter",5,1,"pdf to jpg"
2905,"pdf to jpg 300",5,1,"pdf to jpg"
2906,"pdf to jpg 45 kb",5,1,"pdf to jpg"
2907,"pdf to jpg 500 kb converter",5,1,"pdf to jpg"
2908,"pdf to jpg 60 kb online free",5,1,"pdf to jpg"
2909,"pdf to jpg 70 kb online free",5,1,"pdf to jpg"
2910,"pdf to jpg 8mb",5,1,"pdf to jpg"
2911,"pdf to jpg 98 kb",5,1,"pdf to jpg"
2912,"pdf to jpg adobe",5,1,"pdf to jpg"
2913,"pdf to jpg app windows",5,1,"pdf to jpg"
2914,"pdf to jpg below 100kb",5,1,"pdf to jpg"
2915,"pdf to jpg decrease size",5,1,"pdf to jpg"
2916,"pdf to jpg editor online free",5,1,"pdf to jpg"
2917,"pdf to jpg free unlimited",5,1,"pdf to jpg"
2918,"pdf to jpg generator",5,1,"pdf to jpg"
2919,"pdf to jpg high quality 1200 dpi",5,1,"pdf to jpg"
2920,"pdf to jpg image converter online free",5,1,"pdf to jpg"
2921,"pdf to jpg in 50 kb",5,1,"pdf to jpg"
2922,"pdf to jpg joint",5,1,"pdf to jpg"
2923,"pdf to jpg ka matlab",5,1,"pdf to jpg"
2924,"pdf to jpg less than 50kb",5,1,"pdf to jpg"
2925,"pdf to jpg merge online free",5,1,"pdf to jpg"
2926,"pdf to jpg n",5,1,"pdf to jpg"
2927,"pdf to jpg original quality",5,1,"pdf to jpg"
2928,"pdf to jpg photo converter",5,1,"pdf to jpg"
2929,"pdf to jpg quality loss",5,1,"pdf to jpg"
2930,"pdf to jpg reduce size 100kb",5,1,"pdf to jpg"
2931,"pdf to jpg shutterstock",5,1,"pdf to jpg"
2932,"pdf to jpg tools 24",5,1,"pdf to jpg"
2933,"pdf to jpg under 300kb",5,1,"pdf to jpg"
2934,"pdf to jpg with reduced size",5,1,"pdf to jpg"
2935,"pdf to jpg without losing digital signature",5,1,"pdf to jpg"
2936,"pdf to jpg zion",5,1,"pdf to jpg"
2937,"pdf to ppt 123apps",5,1,"pdf to ppt"
2938,"pdf to ppt 20 mb",5,1,"pdf to ppt"
2939,"pdf to ppt ai tool",5,1,"pdf to ppt"
2940,"pdf to ppt by adobe",5,1,"pdf to ppt"
2941,"pdf to ppt converter 300kb",5,1,"pdf to ppt"
2942,"pdf to ppt converter above 50 mb",5,1,"pdf to ppt"
2943,"pdf to ppt converter app free download",5,1,"pdf to ppt"
2944,"pdf to ppt dönüştür",5,1,"pdf to ppt"
2945,"pdf to ppt editable converter free",5,1,"pdf to ppt"
2946,"pdf to ppt for free online",5,1,"pdf to ppt"
2947,"pdf to ppt free conversion",5,1,"pdf to ppt"
2948,"pdf to ppt gratis",5,1,"pdf to ppt"
2949,"pdf to ppt high resolution online",5,1,"pdf to ppt"
2950,"pdf to ppt in microsoft",5,1,"pdf to ppt"
2951,"pdf to ppt link",5,1,"pdf to ppt"
2952,"pdf to ppt maker free",5,1,"pdf to ppt"
2953,"pdf to ppt no size limit free",5,1,"pdf to ppt"
2954,"pdf to ppt ocr free",5,1,"pdf to ppt"
2955,"pdf to ppt online i love pdf",5,1,"pdf to ppt"
2956,"pdf to ppt powerpoint converter",5,1,"pdf to ppt"
2957,"pdf to ppt slideshow",5,1,"pdf to ppt"
2958,"pdf to ppt tool",5,1,"pdf to ppt"
2959,"pdf to ppt unlimited",5,1,"pdf to ppt"
2960,"pdf to ppt without ocr",5,1,"pdf to ppt"
2961,"pdf to pptx free",5,1,"pdf to ppt"
2962,"pdf to word 100 accuracy",5,1,"pdf to word"
2963,"pdf to word 200kb",5,1,"pdf to word"
2964,"pdf to word 35 mb",5,1,"pdf to word"
2965,"pdf to word 75 mb",5,1,"pdf to word"
2966,"pdf to word 97 converter",5,1,"pdf to word"
2967,"pdf to word app download pc",5,1,"pdf to word"
2968,"pdf to word bulk",5,1,"pdf to word"
2969,"pdf to word converter utf 8",5,1,"pdf to word"
2970,"pdf to word download",5,1,"pdf to word"
2971,"pdf to word editable converter online free",5,1,"pdf to word"
2972,"pdf to word for free online",5,1,"pdf to word"
2973,"pdf to word free ocr converter",5,1,"pdf to word"
2974,"pdf to word google lens",5,1,"pdf to word"
2975,"pdf to word high quality converter",5,1,"pdf to word"
2976,"pdf to word jpg converter online",5,1,"pdf to word"
2977,"pdf to word kruti dev 010",5,1,"pdf to word"
2978,"pdf to word merger",5,1,"pdf to word"
2979,"pdf to word n",5,1,"pdf to word"
2980,"pdf to word online converter free download",5,1,"pdf to word"
2981,"pdf to word pdf24",5,1,"pdf to word"
2982,"pdf to word resume converter online free",5,1,"pdf to word"
2983,"pdf to word soft copy converter",5,1,"pdf to word"
2984,"pdf to word tamil font",5,1,"pdf to word"
2985,"pdf to word to jpg",5,1,"pdf to word"
2986,"pdf to word unlimited",5,1,"pdf to word"
2987,"pdf to word without watermark",5,1,"pdf to word"
2988,"pdf watermark delete online",5,1,"watermark pdf"
2989,"pdf watermark logo adder",5,1,"watermark pdf"
2990,"pdf watermark reddit",5,1,"watermark pdf"
2991,"pdf xchange editor pdf to jpg",5,1,"pdf to jpg"
2992,"permanently rotate pdf xchange",5,1,"rotate pdf"
2993,"qwen3 ocr pdf",5,1,"ocr pdf"
2994,"remove watermark kofax pdf",5,1,"watermark pdf"
2995,"rotate pdf 180",5,1,"rotate pdf"
2996,"rotate pdf 90 degrees free",5,1,"rotate pdf"
2997,"rotate pdf adobe",5,1,"rotate pdf"
2998,"rotate pdf bluebeam",5,1,"rotate pdf"
2999,"rotate pdf clockwise online",5,1,"rotate pdf"
3000,"rotate pdf doc",5,1,"rotate pdf"
3001,"rotate pdf edit",5,1,"rotate pdf"
3002,"rotate pdf for free adobe",5,1,"rotate pdf"
3003,"rotate pdf from landscape to portrait",5,1,"rotate pdf"
3004,"rotate pdf google chrome",5,1,"rotate pdf"
3005,"rotate pdf key shortcut",5,1,"rotate pdf"
3006,"rotate pdf libreoffice draw",5,1,"rotate pdf"
3007,"rotate pdf microsoft edge",5,1,"rotate pdf"
3008,"rotate pdf one by one",5,1,"rotate pdf"
3009,"rotate pdf page 2",5,1,"rotate pdf"
3010,"rotate pdf page in zotero",5,1,"rotate pdf"
3011,"rotate pdf page wise",5,1,"rotate pdf"
3012,"rotate pdf some pages",5,1,"rotate pdf"
3013,"rotate pdf upright",5,1,"rotate pdf"
3014,"rotate pdf view in landscape",5,1,"rotate pdf"
3015,"rotate pdf website",5,1,"rotate pdf"
3016,"rotate pdf without pro",5,1,"rotate pdf"
3017,"rotate resize pdf",5,1,"rotate pdf"
3018,"rotation notes pdf",5,1,"rotate pdf"
3019,"split document pdf xchange",5,1,"split pdf"
3020,"split pdf 1 page into 2",5,1,"split pdf"
3021,"split pdf 24 pdf",5,1,"split pdf"
3022,"split pdf apple",5,1,"split pdf"
3023,"split pdf below 5 mb",5,1,"split pdf"
3024,"split pdf by page number",5,1,"split pdf"
3025,"split pdf custom range",5,1,"split pdf"
3026,"split pdf different pages",5,1,"split pdf"
3027,"split pdf even odd",5,1,"split pdf"
3028,"split pdf files online free",5,1,"split pdf"
3029,"split pdf for free online",5,1,"split pdf"
3030,"split pdf free i love pdf",5,1,"split pdf"
3031,"split pdf gratuit",5,1,"split pdf"
3032,"split pdf high resolution",5,1,"split pdf"
3033,"split pdf into 3",5,1,"split pdf"
3034,"split pdf into quarters",5,1,"split pdf"
3035,"split pdf into two pdfs",5,1,"split pdf"
3036,"split pdf jadi 2 halaman",5,1,"split pdf"
3037,"split pdf ka hindi meaning",5,1,"split pdf"
3038,"split pdf less than 5 mb",5,1,"split pdf"
3039,"split pdf more than 200mb",5,1,"split pdf"
3040,"split pdf no sign up",5,1,"split pdf"
3041,"split pdf pages into separate files",5,1,"split pdf"
3042,"split pdf reddit",5,1,"split pdf"
3043,"split pdf separate pdf pages for free",5,1,"split pdf"
3044,"split pdf using i love pdf",5,1,"split pdf"
3045,"split pdf view",5,1,"split pdf"
3046,"split pdf without losing digital signature online",5,1,"split pdf"
3047,"split pdf za darmo",5,1,"split pdf"
3048,"splitting a pdf file in two",5,1,"split pdf"
3049,"stamp pdf online",5,1,"watermark pdf"
3050,"turn js pdf example",5,1,"rotate pdf"
3051,"turn your pdf into a game",5,1,"rotate pdf"
3052,"void watermark on pdf",5,1,"watermark pdf"
3053,"watermark batch pdf",5,1,"watermark pdf"
3054,"watermark fee",5,1,"watermark pdf"
3055,"watermark for pdf online",5,1,"watermark pdf"
3056,"watermark free pdf editor",5,1,"watermark pdf"
3057,"watermark pdf as draft",5,1,"watermark pdf"
3058,"watermark pdf copy",5,1,"watermark pdf"
3059,"watermark pdf gratis online",5,1,"watermark pdf"
3060,"watermark pdf maker online",5,1,"watermark pdf"
3061,"watermark pdf open source",5,1,"watermark pdf"
3062,"watermark pdf with draft",5,1,"watermark pdf"
3063,"watermark remover pdf app",5,1,"watermark pdf"
3064,"watermark silverchair pdf",5,1,"watermark pdf"
3065,"word 97 to pdf",5,1,"word to pdf"
3066,"word pdf to qr code",5,1,"word to pdf"
3067,"word to pdf 11 zone",5,1,"word to pdf"
3068,"word to pdf 250 kb",5,1,"word to pdf"
3069,"word to pdf 30 mb",5,1,"word to pdf"
3070,"word to pdf 500mb",5,1,"word to pdf"
3071,"word to pdf application",5,1,"word to pdf"
3072,"word to pdf big file",5,1,"word to pdf"
3073,"word to pdf converter devlys 010",5,1,"word to pdf"
3074,"word to pdf converter i love you",5,1,"word to pdf"
3075,"word to pdf doc",5,1,"word to pdf"
3076,"word to pdf extension for word 2007",5,1,"word to pdf"
3077,"word to pdf file",5,1,"word to pdf"
3078,"word to pdf for free",5,1,"word to pdf"
3079,"word to pdf free i love pdf",5,1,"word to pdf"
3080,"word to pdf generator free",5,1,"word to pdf"
3081,"word to pdf how to convert",5,1,"word to pdf"
3082,"word to pdf jobs work from home",5,1,"word to pdf"
3083,"word to pdf kannada",5,1,"word to pdf"
3084,"word to pdf less than 2 mb",5,1,"word to pdf"
3085,"word to pdf merge online free",5,1,"word to pdf"
3086,"word to pdf no font change",5,1,"word to pdf"
3087,"word to pdf online converter free download",5,1,"word to pdf"
3088,"word to pdf pdf2go",5,1,"word to pdf"
3089,"word to pdf pi 7",5,1,"word to pdf"
3090,"word to pdf resize",5,1,"word to pdf"
3091,"word to pdf software",5,1,"word to pdf"
3092,"word to pdf unlimited free",5,1,"word to pdf"
3093,"word to pdf windows 8",5,1,"word to pdf"
3094,"word to pdf zip",5,1,"word to pdf"
3095,"دانلود pdf to excel converter v4 9.2",5,1,"pdf to excel"
3096,"compress pdf to 300kb",6,4,"compress pdf"
3097,"can you convert excel to pdf",6,3,"excel to pdf"
3098,"pdf to word 2007 converter online",6,3,"pdf to word"
3099,"word to pdf converter free download",6,3,"word to pdf"
3100,"compress pdf online to 2mb",6,2,"compress pdf"
3101,"excel to pdf converter app",6,2,"excel to pdf"
3102,"excel to pdf file converter",6,2,"excel to pdf"
3103,"excel to pdf free unlimited",6,2,"excel to pdf"
3104,"excel to pdf in laptop",6,2,"excel to pdf"
3105,"jpg to pdf converter 100 kb",6,2,"jpg to pdf"
3106,"jpg to pdf to word",6,2,"jpg to pdf"
3107,"merge pdf online adobe",6,2,"merge pdf"
3108,"merge pdf to pdf online",6,2,"merge pdf"
3109,"ocr pdf windows 11",6,2,"ocr pdf"
3110,"pdf to excel converter ai",6,2,"pdf to excel"
3111,"pdf to jpg converter 200 kb",6,2,"pdf to jpg"
3112,"pdf to word ocr converter online free",6,2,"pdf to word"
3113,"pdf water mark remove",6,2,"watermark pdf"
3114,"rotate pdf in firefox",6,2,"rotate pdf"
3115,"rotate pdf online page wise",6,2,"rotate pdf"
3116,"rotate pdf to save",6,2,"rotate pdf"
3117,"rotate pdf viewer firefox",6,2,"rotate pdf"
3118,"split pdf online free no size limit",6,2,"split pdf"
3119,"split pdf to single pdf",6,2,"split pdf"
3120,"watermark in pdf online",6,2,"watermark pdf"
3121,"watermark to pdf adobe",6,2,"watermark pdf"
3122,"word to pdf in tamil font",6,2,"word to pdf"
3123,"11 zone pdf to ppt",6,1,"pdf to ppt"
3124,"add watermark pdf preview",6,1,"watermark pdf"
3125,"best compress pdf tool",6,1,"compress pdf"
3126,"best excel to pdf",6,1,"excel to pdf"
3127,"best jpg to pdf converter 200 kb",6,1,"jpg to pdf"
3128,"best merge pdf reddit",6,1,"merge pdf"
3129,"best pdf to excel converter free",6,1,"pdf to excel"
3130,"best pdf to jpg converter app",6,1,"pdf to jpg"
3131,"best pdf to ppt",6,1,"pdf to ppt"
3132,"best pdf to word converter with ocr",6,1,"pdf to word"
3133,"best pdf watermark remover ai",6,1,"watermark pdf"
3134,"best word to pdf converter free download",6,1,"word to pdf"
3135,"best workout split pdf",6,1,"split pdf"
3136,"can you insert pdf to ppt",6,1,"pdf to ppt"
3137,"can you pdf to jpg",6,1,"pdf to jpg"
3138,"combine 02 pdf",6,1,"merge pdf"
3139,"combine pdf xchange editor",6,1,"merge pdf"
3140,"compress pdf 0 mb",6,1,"compress pdf"
3141,"compress pdf 10 mb",6,1,"compress pdf"
3142,"compress pdf 20 mb",6,1,"compress pdf"
3143,"compress pdf 3mp",6,1,"compress pdf"
3144,"compress pdf 400kb online",6,1,"compress pdf"
3145,"compress pdf 50kb to 100kb",6,1,"compress pdf"
3146,"compress pdf 600mb",6,1,"compress pdf"
3147,"compress pdf 7",6,1,"compress pdf"
3148,"compress pdf 800mb",6,1,"compress pdf"
3149,"compress pdf 999 kb",6,1,"compress pdf"
3150,"compress pdf according to size",6,1,"compress pdf"
3151,"compress pdf app windows",6,1,"compress pdf"
3152,"compress pdf below 400kb",6,1,"compress pdf"
3153,"compress pdf compress",6,1,"compress pdf"
3154,"compress pdf document online",6,1,"compress pdf"
3155,"compress pdf edit",6,1,"compress pdf"
3156,"compress pdf file free",6,1,"compress pdf"
3157,"compress pdf free app",6,1,"compress pdf"
3158,"compress pdf gb to mb",6,1,"compress pdf"
3159,"compress pdf heavily",6,1,"compress pdf"
3160,"compress pdf in mb",6,1,"compress pdf"
3161,"compress pdf into 5mb",6,1,"compress pdf"
3162,"compress pdf jotform",6,1,"compress pdf"
3163,"compress pdf kb to 1mb free",6,1,"compress pdf"
3164,"compress pdf less than 5 mb",6,1,"compress pdf"
3165,"compress pdf maximum 1mb",6,1,"compress pdf"
3166,"compress pdf number of pages",6,1,"compress pdf"
3167,"compress pdf pdf gear",6,1,"compress pdf"
3168,"compress pdf quickly",6,1,"compress pdf"
3169,"compress pdf reduce",6,1,"compress pdf"
3170,"compress pdf size to 500kb",6,1,"compress pdf"
3171,"compress pdf upto 200 kb",6,1,"compress pdf"
3172,"compress pdf very small free",6,1,"compress pdf"
3173,"compress pdf without reducing quality",6,1,"compress pdf"
3174,"compress pdf youtube",6,1,"compress pdf"
3175,"compress pdf z11",6,1,"compress pdf"
3176,"convert excel to pdf quickly",6,1,"excel to pdf"
3177,"convert pdf to jpg xodo",6,1,"pdf to jpg"
3178,"convert pdf to word 90 mb",6,1,"pdf to word"
3179,"convert word document to pdf youtube",6,1,"word to pdf"
3180,"draft watermark kofax pdf",6,1,"watermark pdf"
3181,"excel pdf ye çevi̇rme",6,1,"excel to pdf"
3182,"excel to pdf 1 mb",6,1,"excel to pdf"
3183,"excel to pdf 24 pdf",6,1,"excel to pdf"
3184,"excel to pdf all columns one page",6,1,"excel to pdf"
3185,"excel to pdf appian",6,1,"excel to pdf"
3186,"excel to pdf bigpdf",6,1,"excel to pdf"
3187,"excel to pdf converter download for windows 7",6,1,"excel to pdf"
3188,"excel to pdf entire workbook",6,1,"excel to pdf"
3189,"excel to pdf for office 2007",6,1,"excel to pdf"
3190,"excel to pdf free no sign up",6,1,"excel to pdf"
3191,"excel to pdf gratis online",6,1,"excel to pdf"
3192,"excel to pdf js library",6,1,"excel to pdf"
3193,"excel to pdf kepotong",6,1,"excel to pdf"
3194,"excel to pdf landscape free",6,1,"excel to pdf"
3195,"excel to pdf merge converter",6,1,"excel to pdf"
3196,"excel to pdf no crop",6,1,"excel to pdf"
3197,"excel to pdf one page only",6,1,"excel to pdf"
3198,"excel to pdf online i love pdf",6,1,"excel to pdf"
3199,"excel to pdf plugin 2007",6,1,"excel to pdf"
3200,"excel to pdf reddit",6,1,"excel to pdf"
3201,"excel to pdf software",6,1,"excel to pdf"
3202,"excel to pdf to print",6,1,"excel to pdf"
3203,"excel to pdf with page setup",6,1,"excel to pdf"
3204,"excel to pdf without page breaks",6,1,"excel to pdf"
3205,"excel to pdf za darmo",6,1,"excel to pdf"
3206,"free compress pdf to 1mb",6,1,"compress pdf"
3207,"free excel to pdf converter i love pdf",6,1,"excel to pdf"
3208,"free jpg to pdf online",6,1,"jpg to pdf"
3209,"free merge pdf and jpg",6,1,"merge pdf"
3210,"free pdf to excel converter online for large files",6,1,"pdf to excel"
3211,"free pdf to jpg converter online for large files",6,1,"pdf to jpg"
3212,"free pdf to ppt maker",6,1,"pdf to ppt"
3213,"free pdf to word editor",6,1,"pdf to word"
3214,"free rotate pdf document",6,1,"rotate pdf"
3215,"free split pdf files",6,1,"split pdf"
3216,"free watermark pdf remover online",6,1,"watermark pdf"
3217,"free word to pdf converter no sign up",6,1,"word to pdf"
3218,"how do i rotate a pdf and save the orientation",6,1,"rotate pdf"
3219,"how rotate pdf page",6,1,"rotate pdf"
3220,"how to add pdf to ppt",6,1,"pdf to ppt"
3221,"how to add watermark in pdf online",6,1,"watermark pdf"
3222,"how to compress pdf to 200kb",6,1,"compress pdf"
3223,"how to jpg to pdf converter free",6,1,"jpg to pdf"
3224,"how to merge pdf in mac",6,1,"merge pdf"
3225,"how to pdf to excel converter online",6,1,"pdf to excel"
3226,"how to pdf to jpg converter online",6,1,"pdf to jpg"
3227,"how to pdf to word free",6,1,"pdf to word"
3228,"how to print pdf without watermark",6,1,"watermark pdf"
3229,"how to rotate pdf file permanently",6,1,"rotate pdf"
3230,"how to rotate pdf pages for free",6,1,"rotate pdf"
3231,"how to split a pdf",6,1,"split pdf"
3232,"how to split pdf pages into separate files",6,1,"split pdf"
3233,"how to watermark pdf for free",6,1,"watermark pdf"
3234,"how to word to pdf converter free download",6,1,"word to pdf"
3235,"how to xls to pdf",6,1,"excel to pdf"
3236,"ilovepdf watermark",6,1,"watermark pdf"
3237,"jotform pdf to ppt",6,1,"pdf to ppt"
3238,"jpg to pdf 150 kb converter",6,1,"jpg to pdf"
3239,"jpg to pdf 30 kb",6,1,"jpg to pdf"
3240,"jpg to pdf 40 kb online free",6,1,"jpg to pdf"
3241,"jpg to pdf 5mb converter",6,1,"jpg to pdf"
3242,"jpg to pdf 6 mb",6,1,"jpg to pdf"
3243,"jpg to pdf 700kb converter",6,1,"jpg to pdf"
3244,"jpg to pdf 80 kb online free",6,1,"jpg to pdf"
3245,"jpg to pdf 950 kb",6,1,"jpg to pdf"
3246,"jpg to pdf all in one",6,1,"jpg to pdf"
3247,"jpg to pdf application",6,1,"jpg to pdf"
3248,"jpg to pdf below 400kb",6,1,"jpg to pdf"
3249,"jpg to pdf download for pc",6,1,"jpg to pdf"
3250,"jpg to pdf excel converter",6,1,"jpg to pdf"
3251,"jpg to pdf free ilovepdf",6,1,"jpg to pdf"
3252,"jpg to pdf full form",6,1,"jpg to pdf"
3253,"jpg to pdf grayscale",6,1,"jpg to pdf"
3254,"jpg to pdf hd converter",6,1,"jpg to pdf"
3255,"jpg to pdf in 500 kb",6,1,"jpg to pdf"
3256,"jpg to pdf jpeg",6,1,"jpg to pdf"
3257,"jpg to pdf kb 200",6,1,"jpg to pdf"
3258,"jpg to pdf love pdf",6,1,"jpg to pdf"
3259,"jpg to pdf multiple images",6,1,"jpg to pdf"
3260,"jpg to pdf nsdl",6,1,"jpg to pdf"
3261,"jpg to pdf online reddit",6,1,"jpg to pdf"
3262,"jpg to pdf original quality",6,1,"jpg to pdf"
3263,"jpg to pdf p7i",6,1,"jpg to pdf"
3264,"jpg to pdf quality loss",6,1,"jpg to pdf"
3265,"jpg to pdf reducer",6,1,"jpg to pdf"
3266,"jpg to pdf size",6,1,"jpg to pdf"
3267,"jpg to pdf trackid sp 006",6,1,"jpg to pdf"
3268,"jpg to pdf upto 200 kb",6,1,"jpg to pdf"
3269,"jpg to pdf vector converter",6,1,"jpg to pdf"
3270,"jpg to pdf with compression",6,1,"jpg to pdf"
3271,"jpg to pdf without border",6,1,"jpg to pdf"
3272,"jpg to pdf yap",6,1,"jpg to pdf"
3273,"jpg to pdf z11",6,1,"jpg to pdf"
3274,"jpg to pdf24",6,1,"jpg to pdf"
3275,"merge 60 pdf",6,1,"merge pdf"
3276,"merge 80 pdf",6,1,"merge pdf"
3277,"merge pdf 150 kb",6,1,"merge pdf"
3278,"merge pdf 2000kb",6,1,"merge pdf"
3279,"merge pdf 3",6,1,"merge pdf"
3280,"merge pdf 4",6,1,"merge pdf"
3281,"merge pdf 500 pages",6,1,"merge pdf"
3282,"merge pdf 750 kb",6,1,"merge pdf"
3283,"merge pdf and jpg online",6,1,"merge pdf"
3284,"merge pdf app download",6,1,"merge pdf"
3285,"merge pdf below 5 mb",6,1,"merge pdf"
3286,"merge pdf canva",6,1,"merge pdf"
3287,"merge pdf documents free",6,1,"merge pdf"
3288,"merge pdf edit pages",6,1,"merge pdf"
3289,"merge pdf files into one",6,1,"merge pdf"
3290,"merge pdf free online no limit",6,1,"merge pdf"
3291,"merge pdf github",6,1,"merge pdf"
3292,"merge pdf horizontally",6,1,"merge pdf"
3293,"merge pdf image to pdf",6,1,"merge pdf"
3294,"merge pdf in one file",6,1,"merge pdf"
3295,"merge pdf jpg into pdf",6,1,"merge pdf"
3296,"merge pdf kaise banaye",6,1,"merge pdf"
3297,"merge pdf less than 200kb",6,1,"merge pdf"
3298,"merge pdf love you",6,1,"merge pdf"
3299,"merge pdf more than 50 pages",6,1,"merge pdf"
3300,"merge pdf nic",6,1,"merge pdf"
3301,"merge pdf pages in one page",6,1,"merge pdf"
3302,"merge pdf quick online free pdf24 tools",6,1,"merge pdf"
3303,"merge pdf rajasthan",6,1,"merge pdf"
3304,"merge pdf s",6,1,"merge pdf"
3305,"merge pdf ubuntu",6,1,"merge pdf"
3306,"merge pdf vba",6,1,"merge pdf"
3307,"merge pdf with ocr",6,1,"merge pdf"
3308,"merge pdf without internet",6,1,"merge pdf"
3309,"merge pdf zone",6,1,"merge pdf"
3310,"ocr japanese pdf online",6,1,"ocr pdf"
3311,"ocr my pdf",6,1,"ocr pdf"
3312,"ocr pdf 1gb",6,1,"ocr pdf"
3313,"ocr pdf 200 mb",6,1,"ocr pdf"
3314,"ocr pdf adobe acrobat",6,1,"ocr pdf"
3315,"ocr pdf bangla",6,1,"ocr pdf"
3316,"ocr pdf convert to word free",6,1,"ocr pdf"
3317,"ocr pdf document online",6,1,"ocr pdf"
3318,"ocr pdf for linux",6,1,"ocr pdf"
3319,"ocr pdf free no limit",6,1,"ocr pdf"
3320,"ocr pdf google drive",6,1,"ocr pdf"
3321,"ocr pdf house",6,1,"ocr pdf"
3322,"ocr pdf image",6,1,"ocr pdf"
3323,"ocr pdf llm",6,1,"ocr pdf"
3324,"ocr pdf mac",6,1,"ocr pdf"
3325,"ocr pdf npm",6,1,"ocr pdf"
3326,"ocr pdf open source",6,1,"ocr pdf"
3327,"ocr pdf photo",6,1,"ocr pdf"
3328,"ocr pdf reading",6,1,"ocr pdf"
3329,"ocr pdf software",6,1,"ocr pdf"
3330,"ocr pdf to word converter free",6,1,"ocr pdf"
3331,"ocr pdf ukrainian",6,1,"ocr pdf"
3332,"ocr pdf voz",6,1,"ocr pdf"
3333,"online compress pdf to 1mb",6,1,"compress pdf"
3334,"online excel to pdf converter multiple files",6,1,"excel to pdf"
3335,"online jpg to pdf converter 100 kb",6,1,"jpg to pdf"
3336,"online merge pdf pages",6,1,"merge pdf"
3337,"online pdf to excel converter ocr",6,1,"pdf to excel"
3338,"online pdf to jpg 100 kb",6,1,"pdf to jpg"
3339,"online pdf to ppt converter for large files free",6,1,"pdf to ppt"
3340,"online pdf to word editor",6,1,"pdf to word"
3341,"online pdf watermark adder",6,1,"watermark pdf"
3342,"online rotate pdf tool",6,1,"rotate pdf"
3343,"online split pdf i love pdf",6,1,"split pdf"
3344,"online word to pdf free",6,1,"word to pdf"
3345,"optical character recognition pdf xchange",6,1,"ocr pdf"
3346,"pdf 5o ppt",6,1,"pdf to ppt"
3347,"pdf converter ocr",6,1,"ocr pdf"
3348,"pdf merge 9 mb",6,1,"merge pdf"
3349,"pdf para o excel",6,1,"pdf to excel"
3350,"pdf to excel 100 accurate",6,1,"pdf to excel"
3351,"pdf to excel 2010",6,1,"pdf to excel"
3352,"pdf to excel accurate",6,1,"pdf to excel"
3353,"pdf to excel apply ocr",6,1,"pdf to excel"
3354,"pdf to excel big file",6,1,"pdf to excel"
3355,"pdf to excel by ai",6,1,"pdf to excel"
3356,"pdf to excel converter online 500 pages",6,1,"pdf to excel"
3357,"pdf to excel converter quick online free",6,1,"pdf to excel"
3358,"pdf to excel data extraction",6,1,"pdf to excel"
3359,"pdf to excel export",6,1,"pdf to excel"
3360,"pdf to excel file converter",6,1,"pdf to excel"
3361,"pdf to excel for bank statement",6,1,"pdf to excel"
3362,"pdf to excel free conversion",6,1,"pdf to excel"
3363,"pdf to excel generator",6,1,"pdf to excel"
3364,"pdf to excel heavy file",6,1,"pdf to excel"
3365,"pdf to excel i love my pdf",6,1,"pdf to excel"
3366,"pdf to excel jte",6,1,"pdf to excel"
3367,"pdf to excel kannada",6,1,"pdf to excel"
3368,"pdf to excel l",6,1,"pdf to excel"
3369,"pdf to excel microsoft 365",6,1,"pdf to excel"
3370,"pdf to excel multiple pages",6,1,"pdf to excel"
3371,"pdf to excel new version",6,1,"pdf to excel"
3372,"pdf to excel ocr converter online free",6,1,"pdf to excel"
3373,"pdf to excel online free converter without email",6,1,"pdf to excel"
3374,"pdf to excel pdf xchange editor",6,1,"excel to pdf"
3375,"pdf to excel pi",6,1,"pdf to excel"
3376,"pdf to excel rapi",6,1,"pdf to excel"
3377,"pdf to excel smallpdf",6,1,"pdf to excel"
3378,"pdf to excel to word converter",6,1,"pdf to excel"
3379,"pdf to excel tool",6,1,"pdf to excel"
3380,"pdf to excel using ocr free",6,1,"pdf to excel"
3381,"pdf to excel without losing formatting",6,1,"pdf to excel"
3382,"pdf to jpg 150 kb converter",6,1,"pdf to jpg"
3383,"pdf to jpg 250 kb",6,1,"pdf to jpg"
3384,"pdf to jpg 3.5 * 4.5 cm",6,1,"pdf to jpg"
3385,"pdf to jpg 400kb online free",6,1,"pdf to jpg"
3386,"pdf to jpg 50 kb compressor",6,1,"pdf to jpg"
3387,"pdf to jpg 6mb converter",6,1,"pdf to jpg"
3388,"pdf to jpg 7",6,1,"pdf to jpg"
3389,"pdf to jpg 8k",6,1,"pdf to jpg"
3390,"pdf to jpg 950 kb",6,1,"pdf to jpg"
3391,"pdf to jpg all pages",6,1,"pdf to jpg"
3392,"pdf to jpg app android",6,1,"pdf to jpg"
3393,"pdf to jpg bulk converter",6,1,"pdf to jpg"
3394,"pdf to jpg dpi",6,1,"pdf to jpg"
3395,"pdf to jpg editor online",6,1,"pdf to jpg"
3396,"pdf to jpg free converter download",6,1,"pdf to jpg"
3397,"pdf to jpg go",6,1,"pdf to jpg"
3398,"pdf to jpg high quality free",6,1,"pdf to jpg"
3399,"pdf to jpg in hd quality",6,1,"pdf to jpg"
3400,"pdf to jpg jpeg png",6,1,"pdf to jpg"
3401,"pdf to jpg kaise convert karen",6,1,"pdf to jpg"
3402,"pdf to jpg less than 2mb",6,1,"pdf to jpg"
3403,"pdf to jpg means",6,1,"pdf to jpg"
3404,"pdf to jpg name change",6,1,"pdf to jpg"
3405,"pdf to jpg one page",6,1,"pdf to jpg"
3406,"pdf to jpg online high quality",6,1,"pdf to jpg"
3407,"pdf to jpg p24",6,1,"pdf to jpg"
3408,"pdf to jpg quality high",6,1,"pdf to jpg"
3409,"pdf to jpg remove",6,1,"pdf to jpg"
3410,"pdf to jpg single page",6,1,"pdf to jpg"
3411,"pdf to jpg t",6,1,"pdf to jpg"
3412,"pdf to jpg to word",6,1,"pdf to jpg"
3413,"pdf to jpg trackid sp 006",6,1,"pdf to jpg"
3414,"pdf to jpg unlock",6,1,"pdf to jpg"
3415,"pdf to jpg with size",6,1,"pdf to jpg"
3416,"pdf to jpg without losing quality free",6,1,"pdf to jpg"
3417,"pdf to jpg zamar",6,1,"pdf to jpg"
3418,"pdf to ppt 10 mb",6,1,"pdf to ppt"
3419,"pdf to ppt 2007",6,1,"pdf to ppt"
3420,"pdf to ppt ai reddit",6,1,"pdf to ppt"
3421,"pdf to ppt by ai free",6,1,"pdf to ppt"
3422,"pdf to ppt converter app for pc",6,1,"pdf to ppt"
3423,"pdf to ppt converter download",6,1,"pdf to ppt"
3424,"pdf to ppt converter high quality",6,1,"pdf to ppt"
3425,"pdf to ppt export",6,1,"pdf to ppt"
3426,"pdf to ppt file",6,1,"pdf to ppt"
3427,"pdf to ppt for large files",6,1,"pdf to ppt"
3428,"pdf to ppt free ai",6,1,"pdf to ppt"
3429,"pdf to ppt gratuit",6,1,"pdf to ppt"
3430,"pdf to ppt hindi",6,1,"pdf to ppt"
3431,"pdf to ppt i love my pdf",6,1,"pdf to ppt"
3432,"pdf to ppt in acrobat",6,1,"pdf to ppt"
3433,"pdf to ppt konverter",6,1,"pdf to ppt"
3434,"pdf to ppt landscape",6,1,"pdf to ppt"
3435,"pdf to ppt maker online",6,1,"pdf to ppt"
3436,"pdf to ppt nitro",6,1,"pdf to ppt"
3437,"pdf to ppt ocr converter",6,1,"pdf to ppt"
3438,"pdf to ppt office 365",6,1,"pdf to ppt"
3439,"pdf to ppt online free ilovepdf",6,1,"pdf to ppt"
3440,"pdf to ppt powerpoint",6,1,"pdf to ppt"
3441,"pdf to ppt soda",6,1,"pdf to ppt"
3442,"pdf to ppt tanpa berantakan",6,1,"pdf to ppt"
3443,"pdf to ppt using powerpoint",6,1,"pdf to ppt"
3444,"pdf to ppt with animation",6,1,"pdf to ppt"
3445,"pdf to ppt without changing font free",6,1,"pdf to ppt"
3446,"pdf to pptx ilovepdf",6,1,"pdf to ppt"
3447,"pdf to word 100 kb",6,1,"pdf to word"
3448,"pdf to word 2003 converter",6,1,"pdf to word"
3449,"pdf to word 365",6,1,"pdf to word"
3450,"pdf to word 55 mb",6,1,"pdf to word"
3451,"pdf to word 60mb",6,1,"word to pdf"
3452,"pdf to word app free download",6,1,"pdf to word"
3453,"pdf to word best converter free",6,1,"pdf to word"
3454,"pdf to word conversion",6,1,"pdf to word"
3455,"pdf to word document converter free online",6,1,"pdf to word"
3456,"pdf to word editor online free",6,1,"pdf to word"
3457,"pdf to word file converter free",6,1,"pdf to word"
3458,"pdf to word for editing",6,1,"pdf to word"
3459,"pdf to word free no sign up",6,1,"pdf to word"
3460,"pdf to word google converter",6,1,"pdf to word"
3461,"pdf to word hindi font free",6,1,"pdf to word"
3462,"pdf to word in hindi font",6,1,"pdf to word"
3463,"pdf to word jpg online",6,1,"pdf to word"
3464,"pdf to word kya hota hai",6,1,"pdf to word"
3465,"pdf to word large file converter free",6,1,"pdf to word"
3466,"pdf to word microsoft",6,1,"pdf to word"
3467,"pdf to word no limit",6,1,"pdf to word"
3468,"pdf to word online editor",6,1,"pdf to word"
3469,"pdf to word pdf candy",6,1,"pdf to word"
3470,"pdf to word remover",6,1,"pdf to word"
3471,"pdf to word sejda free",6,1,"pdf to word"
3472,"pdf to word text",6,1,"pdf to word"
3473,"pdf to word to excel converter",6,1,"pdf to word"
3474,"pdf to word using ai",6,1,"pdf to word"
3475,"pdf to word version",6,1,"pdf to word"
3476,"pdf to word with ocr converter",6,1,"pdf to word"
3477,"pdf to word without changing format free",6,1,"pdf to word"
3478,"pdf to word yt",6,1,"pdf to word"
3479,"pdf to word z ocr",6,1,"ocr pdf"
3480,"pdf to word zdarma",6,1,"pdf to word"
3481,"pdf viewer watermark",6,1,"watermark pdf"
3482,"pdf watermark change",6,1,"watermark pdf"
3483,"pdf watermark for mac",6,1,"watermark pdf"
3484,"reduce size pdf xchange",6,1,"compress pdf"
3485,"remove watermark from pdf using adobe acrobat pro",6,1,"watermark pdf"
3486,"remove watermark pdf guru",6,1,"watermark pdf"
3487,"remove watermark pdf with ai",6,1,"watermark pdf"
3488,"remove watermark pdf xchange",6,1,"watermark pdf"
3489,"rotate and join pdf",6,1,"rotate pdf"
3490,"rotate page pdf xchange editor",6,1,"rotate pdf"
3491,"rotate pdf 10 degrees",6,1,"rotate pdf"
3492,"rotate pdf anticlockwise",6,1,"rotate pdf"
3493,"rotate pdf by 1 degree",6,1,"rotate pdf"
3494,"rotate pdf custom angle online",6,1,"rotate pdf"
3495,"rotate pdf document and save changes",6,1,"rotate pdf"
3496,"rotate pdf every page",6,1,"rotate pdf"
3497,"rotate pdf file pages",6,1,"rotate pdf"
3498,"rotate pdf for free reddit",6,1,"rotate pdf"
3499,"rotate pdf free reddit",6,1,"rotate pdf"
3500,"rotate pdf ghostscript",6,1,"rotate pdf"
3501,"rotate pdf keyboard shortcut firefox",6,1,"rotate pdf"
3502,"rotate pdf less than 90 degrees",6,1,"rotate pdf"
3503,"rotate pdf meaning",6,1,"rotate pdf"
3504,"rotate pdf no limit",6,1,"rotate pdf"
3505,"rotate pdf pages individually online",6,1,"rotate pdf"
3506,"rotate pdf selected pages",6,1,"rotate pdf"
3507,"rotate pdf using chrome",6,1,"rotate pdf"
3508,"rotate pdf view and save",6,1,"rotate pdf"
3509,"searchable pdf que es",6,1,"ocr pdf"
3510,"split pdf 100 pages",6,1,"split pdf"
3511,"split pdf 2 pages into 1",6,1,"split pdf"
3512,"split pdf and add pages",6,1,"split pdf"
3513,"split pdf apple preview",6,1,"split pdf"
3514,"split pdf bulk",6,1,"split pdf"
3515,"split pdf converter online free",6,1,"split pdf"
3516,"split pdf document into separate files",6,1,"split pdf"
3517,"split pdf every page",6,1,"split pdf"
3518,"split pdf file into single pages",6,1,"split pdf"
3519,"split pdf for free no sign up",6,1,"split pdf"
3520,"split pdf free sejda",6,1,"split pdf"
3521,"split pdf github",6,1,"split pdf"
3522,"split pdf how to",6,1,"split pdf"
3523,"split pdf in 3 parts online",6,1,"split pdf"
3524,"split pdf in pdf",6,1,"split pdf"
3525,"split pdf into multiple pdfs",6,1,"split pdf"
3526,"split pdf into quadrants",6,1,"split pdf"
3527,"split pdf javascript",6,1,"split pdf"
3528,"split pdf kami",6,1,"split pdf"
3529,"split pdf large file free",6,1,"split pdf"
3530,"split pdf multiple files",6,1,"split pdf"
3531,"split pdf no limit free",6,1,"split pdf"
3532,"split pdf odd and even",6,1,"split pdf"
3533,"split pdf pages online free",6,1,"split pdf"
3534,"split pdf remove",6,1,"split pdf"
3535,"split pdf size",6,1,"split pdf"
3536,"split pdf to 5 mb",6,1,"split pdf"
3537,"split pdf using python",6,1,"split pdf"
3538,"split pdf viewer",6,1,"split pdf"
3539,"split pdf with range",6,1,"split pdf"
3540,"split pdf without adobe pro",6,1,"split pdf"
3541,"split pdf zdarma",6,1,"split pdf"
3542,"split view pdf xchange",6,1,"split pdf"
3543,"stamp approved pdf",6,1,"watermark pdf"
3544,"stamp pdf online free",6,1,"watermark pdf"
3545,"turn 2 pdf into 1",6,1,"rotate pdf"
3546,"turn pdf 90 degrees",6,1,"rotate pdf"
3547,"turn pdf readable",6,1,"rotate pdf"
3548,"turn your pdf into a link",6,1,"rotate pdf"
3549,"watermark a pdf",6,1,"watermark pdf"
3550,"watermark book pdf",6,1,"watermark pdf"
3551,"watermark di pdf online",6,1,"watermark pdf"
3552,"watermark free pdf scanner",6,1,"watermark pdf"
3553,"watermark logo pdf online",6,1,"watermark pdf"
3554,"watermark on pdf",6,1,"watermark pdf"
3555,"watermark pdf full page",6,1,"watermark pdf"
3556,"watermark pdf mac preview",6,1,"watermark pdf"
3557,"watermark pdf remover reddit",6,1,"watermark pdf"
3558,"watermark small pdf",6,1,"watermark pdf"
3559,"word 97 to pdf converter",6,1,"word to pdf"
3560,"word to pdf 1 page",6,1,"word to pdf"
3561,"word to pdf 24 tools",6,1,"word to pdf"
3562,"word to pdf 300 dpi",6,1,"word to pdf"
3563,"word to pdf 500",6,1,"word to pdf"
3564,"word to pdf ai",6,1,"word to pdf"
3565,"word to pdf application free download",6,1,"word to pdf"
3566,"word to pdf by i love pdf",6,1,"word to pdf"
3567,"word to pdf converter for windows 8",6,1,"word to pdf"
3568,"word to pdf driver free download",6,1,"word to pdf"
3569,"word to pdf editor free",6,1,"word to pdf"
3570,"word to pdf for free online",6,1,"word to pdf"
3571,"word to pdf free multiple files",6,1,"word to pdf"
3572,"word to pdf google",6,1,"word to pdf"
3573,"word to pdf hd",6,1,"word to pdf"
3574,"word to pdf jameel noori font",6,1,"word to pdf"
3575,"word to pdf kruti dev 10",6,1,"word to pdf"
3576,"word to pdf less than 1mb",6,1,"word to pdf"
3577,"word to pdf maker online",6,1,"word to pdf"
3578,"word to pdf no size limit",6,1,"word to pdf"
3579,"word to pdf ocr",6,1,"word to pdf"
3580,"word to pdf online i love pdf",6,1,"word to pdf"
3581,"word to pdf pdf2",6,1,"word to pdf"
3582,"word to pdf resume converter",6,1,"word to pdf"
3583,"word to pdf software download",6,1,"word to pdf"
3584,"word to pdf to jpg",6,1,"word to pdf"
3585,"word to pdf under 1 mb",6,1,"word to pdf"
3586,"word to pdf windows 7 free download",6,1,"word to pdf"
3587,"word to pdf without watermark",6,1,"word to pdf"
3588,"word to pdf zendocs",6,1,"word to pdf"
3589,"how to send a pdf to powerpoint",7,4,"pdf to ppt"
3590,"compress pdf in 300kb",7,2,"compress pdf"
3591,"compress pdf online to 100kb",7,2,"compress pdf"
3592,"compress pdf to 50kb",7,2,"compress pdf"
3593,"excel to pdf in one page landscape",7,2,"excel to pdf"
3594,"jpg to pdf converter i love pdf",7,2,"jpg to pdf"
3595,"jpg to pdf to excel",7,2,"jpg to pdf"
3596,"merge pdf online in single page",7,2,"merge pdf"
3597,"merge pdf to split pdf",7,2,"merge pdf"
3598,"pdf to excel more than 500 pages",7,2,"pdf to excel"
3599,"pdf to ppt converter without any changes",7,2,"pdf to ppt"
3600,"pdf to ppt free no sign up",7,2,"pdf to ppt"
3601,"pdf to word ocr converter",7,2,"pdf to word"
3602,"split pdf online2pdf",7,2,"split pdf"
3603,"split pdf to image online",7,2,"split pdf"
3604,"word to pdf in bulk",7,2,"word to pdf"
3605,"0nline word to pdf converter",7,1,"word to pdf"
3606,"a pdf watermark 4.7 6",7,1,"watermark pdf"
3607,"add watermark pdf xchange",7,1,"watermark pdf"
3608,"best compress pdf to 100kb",7,1,"compress pdf"
3609,"best excel to pdf converter free download offline",7,1,"excel to pdf"
3610,"best jpg to pdf converter free download",7,1,"jpg to pdf"
3611,"best pdf merge free download",7,1,"merge pdf"
3612,"best pdf to excel converter for bank statements",7,1,"pdf to excel"
3613,"best pdf to jpg converter reddit",7,1,"pdf to jpg"
3614,"best pdf to ppt converter reddit",7,1,"pdf to ppt"
3615,"best pdf to word converter with ocr free online",7,1,"pdf to word"
3616,"best pdf watermark remover reddit",7,1,"watermark pdf"
3617,"best ppl split pdf",7,1,"split pdf"
3618,"best word to pdf free download",7,1,"word to pdf"
3619,"can you convert pdf to jpg",7,1,"pdf to jpg"
3620,"can you make pdf to ppt",7,1,"pdf to ppt"
3621,"cara watermark pdf gratis",7,1,"watermark pdf"
3622,"chèn watermark vào pdf",7,1,"watermark pdf"
3623,"combine pdf xchange",7,1,"merge pdf"
3624,"combine your pdf files",7,1,"merge pdf"
3625,"compress file pdf xchange",7,1,"compress pdf"
3626,"compress pdf 0.8 mb",7,1,"compress pdf"
3627,"compress pdf 1.5 mb",7,1,"compress pdf"
3628,"compress pdf 2mb free",7,1,"compress pdf"
3629,"compress pdf 390 kb",7,1,"compress pdf"
3630,"compress pdf 4.5 mb",7,1,"compress pdf"
3631,"compress pdf 5mb online free",7,1,"compress pdf"
3632,"compress pdf 6mb to 2mb",7,1,"compress pdf"
3633,"compress pdf 7pi",7,1,"compress pdf"
3634,"compress pdf 800",7,1,"compress pdf"
3635,"compress pdf 95 kb",7,1,"compress pdf"
3636,"compress pdf according to my size",7,1,"compress pdf"
3637,"compress pdf apple iphone",7,1,"compress pdf"
3638,"compress pdf big pdf",7,1,"compress pdf"
3639,"compress pdf converter free",7,1,"compress pdf"
3640,"compress pdf document online for free",7,1,"compress pdf"
3641,"compress pdf excel",7,1,"compress pdf"
3642,"compress pdf file to 200kb",7,1,"compress pdf"
3643,"compress pdf free i love pdf",7,1,"compress pdf"
3644,"compress pdf go",7,1,"compress pdf"
3645,"compress pdf horizon",7,1,"compress pdf"
3646,"compress pdf jpg 500 kb",7,1,"compress pdf"
3647,"compress pdf kb to 1mb",7,1,"compress pdf"
3648,"compress pdf less than 300kb",7,1,"compress pdf"
3649,"compress pdf meaning in hindi",7,1,"compress pdf"
3650,"compress pdf p7i",7,1,"compress pdf"
3651,"compress pdf quick online free pdf24 tools",7,1,"compress pdf"
3652,"compress pdf resolution",7,1,"compress pdf"
3653,"compress pdf size online free",7,1,"compress pdf"
3654,"compress pdf upto 1 mb",7,1,"compress pdf"
3655,"compress pdf video online",7,1,"compress pdf"
3656,"compress pdf with size",7,1,"compress pdf"
3657,"compress pdf without watermark",7,1,"compress pdf"
3658,"compress pdf yang gratis",7,1,"compress pdf"
3659,"compress pdf zip folder",7,1,"compress pdf"
3660,"convert pdf to word youtube",7,1,"pdf to word"
3661,"convert your word to pdf",7,1,"word to pdf"
3662,"converter pdf to ppt download free",7,1,"pdf to ppt"
3663,"excel pdf quotation format",7,1,"excel to pdf"
3664,"excel pdf unlock",7,1,"excel to pdf"
3665,"excel pdf yap",7,1,"excel to pdf"
3666,"excel to pdf 100 kb",7,1,"excel to pdf"
3667,"excel to pdf 2go",7,1,"excel to pdf"
3668,"excel to pdf app free",7,1,"excel to pdf"
3669,"excel to pdf black and white",7,1,"excel to pdf"
3670,"excel to pdf converter software for windows 7",7,1,"excel to pdf"
3671,"excel to pdf converter without changing format",7,1,"excel to pdf"
3672,"excel to pdf document",7,1,"excel to pdf"
3673,"excel to pdf export",7,1,"excel to pdf"
3674,"excel to pdf for windows 7",7,1,"excel to pdf"
3675,"excel to pdf go",7,1,"excel to pdf"
3676,"excel to pdf how to fit in one page",7,1,"excel to pdf"
3677,"excel to pdf java code",7,1,"excel to pdf"
3678,"excel to pdf keep formatting",7,1,"excel to pdf"
3679,"excel to pdf landscape mode online",7,1,"excel to pdf"
3680,"excel to pdf multiple files free",7,1,"excel to pdf"
3681,"excel to pdf not showing all rows",7,1,"excel to pdf"
3682,"excel to pdf one page converter",7,1,"excel to pdf"
3683,"excel to pdf online2",7,1,"excel to pdf"
3684,"excel to pdf page wise",7,1,"excel to pdf"
3685,"excel to pdf repeat header",7,1,"excel to pdf"
3686,"excel to pdf software download",7,1,"excel to pdf"
3687,"excel to pdf table",7,1,"excel to pdf"
3688,"excel to pdf with password",7,1,"excel to pdf"
3689,"excel to pdf without gridlines",7,1,"excel to pdf"
3690,"excel to pdf zdarma",7,1,"excel to pdf"
3691,"excel xlsx to pdf converter",7,1,"excel to pdf"
3692,"free compress pdf to 50kb",7,1,"compress pdf"
3693,"free excel to pdf online",7,1,"excel to pdf"
3694,"free jpg to pdf maker",7,1,"jpg to pdf"
3695,"free merge pdf no sign up",7,1,"merge pdf"
3696,"free pdf rotate and save",7,1,"rotate pdf"
3697,"free pdf to excel converter app",7,1,"pdf to excel"
3698,"free pdf to jpg online",7,1,"pdf to jpg"
3699,"free pdf to ppt maker ai",7,1,"pdf to ppt"
3700,"free pdf to word converter without changing format",7,1,"pdf to word"
3701,"free split pdf tool",7,1,"split pdf"
3702,"free watermark pdf maker",7,1,"watermark pdf"
3703,"free word to pdf online",7,1,"word to pdf"
3704,"how rotate pdf permanently",7,1,"rotate pdf"
3705,"how to compress pdf in laptop",7,1,"compress pdf"
3706,"how to export excel to pdf",7,1,"excel to pdf"
3707,"how to insert pdf to ppt",7,1,"pdf to ppt"
3708,"how to jpg to pdf file",7,1,"jpg to pdf"
3709,"how to make pdf rotate permanently",7,1,"rotate pdf"
3710,"how to merge 6 pdf files",7,1,"merge pdf"
3711,"how to merge pdf in macbook",7,1,"merge pdf"
3712,"how to ocr a pdf for free",7,1,"ocr pdf"
3713,"how to pdf excel to one page",7,1,"pdf to excel"
3714,"how to pdf to jpg high quality",7,1,"pdf to jpg"
3715,"how to pdf to word in laptop",7,1,"pdf to word"
3716,"how to rotate pdf in adobe",7,1,"rotate pdf"
3717,"how to rotate pdf in mozilla",7,1,"rotate pdf"
3718,"how to split pdf i love pdf",7,1,"split pdf"
3719,"how to watermark pdf xchange editor",7,1,"watermark pdf"
3720,"how to word to pdf free",7,1,"word to pdf"
3721,"insert pdf to powerpoint 365",7,1,"pdf to ppt"
3722,"jp dg pdf to ppt",7,1,"pdf to ppt"
3723,"jpg to pdf 180 kb",7,1,"jpg to pdf"
3724,"jpg to pdf 20 kb",7,1,"jpg to pdf"
3725,"jpg to pdf 300 kb 11zon",7,1,"jpg to pdf"
3726,"jpg to pdf 400",7,1,"jpg to pdf"
3727,"jpg to pdf 500",7,1,"jpg to pdf"
3728,"jpg to pdf 60 pages",7,1,"jpg to pdf"
3729,"jpg to pdf 70 kb converter",7,1,"jpg to pdf"
3730,"jpg to pdf 80",7,1,"jpg to pdf"
3731,"jpg to pdf 98 kb",7,1,"jpg to pdf"
3732,"jpg to pdf adobe",7,1,"jpg to pdf"
3733,"jpg to pdf app windows",7,1,"jpg to pdf"
3734,"jpg to pdf best quality",7,1,"jpg to pdf"
3735,"jpg to pdf converter o",7,1,"jpg to pdf"
3736,"jpg to pdf decrease size",7,1,"jpg to pdf"
3737,"jpg to pdf enhance quality",7,1,"jpg to pdf"
3738,"jpg to pdf free app",7,1,"jpg to pdf"
3739,"jpg to pdf group",7,1,"jpg to pdf"
3740,"jpg to pdf hd quality converter online",7,1,"jpg to pdf"
3741,"jpg to pdf in 1 mb",7,1,"jpg to pdf"
3742,"jpg to pdf join",7,1,"jpg to pdf"
3743,"jpg to pdf kya hota hai",7,1,"jpg to pdf"
3744,"jpg to pdf large file",7,1,"jpg to pdf"
3745,"jpg to pdf merger converter",7,1,"jpg to pdf"
3746,"jpg to pdf no limit free",7,1,"jpg to pdf"
3747,"jpg to pdf online 200kb",7,1,"jpg to pdf"
3748,"jpg to pdf pi7 500kb",7,1,"jpg to pdf"
3749,"jpg to pdf quality converter",7,1,"jpg to pdf"
3750,"jpg to pdf reduce size 100 kb",7,1,"jpg to pdf"
3751,"jpg to pdf software",7,1,"jpg to pdf"
3752,"jpg to pdf text converter",7,1,"jpg to pdf"
3753,"jpg to pdf under 150kb",7,1,"jpg to pdf"
3754,"jpg to pdf with password",7,1,"jpg to pdf"
3755,"jpg to pdf without quality loss",7,1,"jpg to pdf"
3756,"jpg to pdf y unir",7,1,"jpg to pdf"
3757,"jpg to pdf zip",7,1,"jpg to pdf"
3758,"merge 8 pdf files",7,1,"merge pdf"
3759,"merge pdf 1000 mb",7,1,"merge pdf"
3760,"merge pdf 250 kb",7,1,"merge pdf"
3761,"merge pdf 30 kb",7,1,"merge pdf"
3762,"merge pdf 4 in 1",7,1,"merge pdf"
3763,"merge pdf 50 pages",7,1,"merge pdf"
3764,"merge pdf 7 jpg",7,1,"merge pdf"
3765,"merge pdf and compress",7,1,"merge pdf"
3766,"merge pdf application windows",7,1,"merge pdf"
3767,"merge pdf bulk",7,1,"merge pdf"
3768,"merge pdf candy",7,1,"merge pdf"
3769,"merge pdf download free",7,1,"merge pdf"
3770,"merge pdf editor free",7,1,"merge pdf"
3771,"merge pdf files for free online",7,1,"merge pdf"
3772,"merge pdf free online i love pdf",7,1,"merge pdf"
3773,"merge pdf horizontally online",7,1,"merge pdf"
3774,"merge pdf in single pdf",7,1,"merge pdf"
3775,"merge pdf into one page",7,1,"merge pdf"
3776,"merge pdf joiner",7,1,"merge pdf"
3777,"merge pdf ke word",7,1,"merge pdf"
3778,"merge pdf less than 5mb",7,1,"merge pdf"
3779,"merge pdf multiple pages",7,1,"merge pdf"
3780,"merge pdf offline",7,1,"merge pdf"
3781,"merge pdf pi",7,1,"merge pdf"
3782,"merge pdf quick online",7,1,"merge pdf"
3783,"merge pdf rajasthan teacher",7,1,"merge pdf"
3784,"merge pdf side by side",7,1,"merge pdf"
3785,"merge pdf trackid sp 006",7,1,"merge pdf"
3786,"merge pdf unlimited free",7,1,"merge pdf"
3787,"merge pdf v",7,1,"merge pdf"
3788,"merge pdf with 1 mb",7,1,"merge pdf"
3789,"merge pdf without password",7,1,"merge pdf"
3790,"merge pdf zip",7,1,"merge pdf"
3791,"ocr pdf 2024",7,1,"ocr pdf"
3792,"ocr pdf ai free",7,1,"ocr pdf"
3793,"ocr pdf bulk",7,1,"ocr pdf"
3794,"ocr pdf creator",7,1,"ocr pdf"
3795,"ocr pdf dataset",7,1,"ocr pdf"
3796,"ocr pdf edit free",7,1,"ocr pdf"
3797,"ocr pdf for chatgpt",7,1,"ocr pdf"
3798,"ocr pdf gratuit",7,1,"ocr pdf"
3799,"ocr pdf how to",7,1,"ocr pdf"
3800,"ocr pdf in adobe",7,1,"ocr pdf"
3801,"ocr pdf ke excel",7,1,"ocr pdf"
3802,"ocr pdf library",7,1,"ocr pdf"
3803,"ocr pdf macos",7,1,"ocr pdf"
3804,"ocr pdf not working",7,1,"ocr pdf"
3805,"ocr pdf ppt",7,1,"ocr pdf"
3806,"ocr pdf reader python",7,1,"ocr pdf"
3807,"ocr pdf software free download",7,1,"ocr pdf"
3808,"ocr pdf to text",7,1,"ocr pdf"
3809,"ocr pdf upload",7,1,"ocr pdf"
3810,"ocr pdf vba",7,1,"ocr pdf"
3811,"ocr pdf word online free",7,1,"ocr pdf"
3812,"ocr zu pdf",7,1,"ocr pdf"
3813,"online compress pdf size",7,1,"compress pdf"
3814,"online excel to pdf editor",7,1,"excel to pdf"
3815,"online jpg to pdf editor",7,1,"jpg to pdf"
3816,"online merge pdf i love pdf",7,1,"merge pdf"
3817,"online pdf to excel editor",7,1,"pdf to excel"
3818,"online pdf to jpg converter free download",7,1,"pdf to jpg"
3819,"online pdf to ppt free",7,1,"pdf to ppt"
3820,"online pdf to word document converter",7,1,"pdf to word"
3821,"online pdf watermark editor",7,1,"watermark pdf"
3822,"online rotate pdf image",7,1,"rotate pdf"
3823,"online split pdf file free",7,1,"split pdf"
3824,"online word to pdf editor",7,1,"word to pdf"
3825,"pdf merge 900",7,1,"merge pdf"
3826,"pdf ocr json",7,1,"ocr pdf"
3827,"pdf ocr x community edition",7,1,"ocr pdf"
3828,"pdf ocr ye çevirme",7,1,"ocr pdf"
3829,"pdf split zip file",7,1,"split pdf"
3830,"pdf stamp with date",7,1,"watermark pdf"
3831,"pdf to excel 100",7,1,"pdf to excel"
3832,"pdf to excel 2026",7,1,"pdf to excel"
3833,"pdf to excel adobe acrobat",7,1,"pdf to excel"
3834,"pdf to excel application download",7,1,"pdf to excel"
3835,"pdf to excel best converter",7,1,"pdf to excel"
3836,"pdf to excel best quality",7,1,"pdf to excel"
3837,"pdf to excel conversion",7,1,"pdf to excel"
3838,"pdf to excel convert jobs freelance",7,1,"pdf to excel"
3839,"pdf to excel converter 30mb free",7,1,"pdf to excel"
3840,"pdf to excel document converter",7,1,"pdf to excel"
3841,"pdf to excel editable free download",7,1,"pdf to excel"
3842,"pdf to excel for large files",7,1,"pdf to excel"
3843,"pdf to excel format converter",7,1,"pdf to excel"
3844,"pdf to excel free ocr online",7,1,"pdf to excel"
3845,"pdf to excel google drive",7,1,"pdf to excel"
3846,"pdf to excel hero",7,1,"pdf to excel"
3847,"pdf to excel in adobe",7,1,"pdf to excel"
3848,"pdf to excel in excel sheet",7,1,"pdf to excel"
3849,"pdf to excel kotak bank",7,1,"pdf to excel"
3850,"pdf to excel link",7,1,"pdf to excel"
3851,"pdf to excel more than 15 mb",7,1,"pdf to excel"
3852,"pdf to excel not converting properly",7,1,"pdf to excel"
3853,"pdf to excel one sheet converter",7,1,"pdf to excel"
3854,"pdf to excel online conversion",7,1,"pdf to excel"
3855,"pdf to excel pdf to go",7,1,"pdf to excel"
3856,"pdf to excel rajasthan",7,1,"pdf to excel"
3857,"pdf to excel sheet converter online",7,1,"pdf to excel"
3858,"pdf to excel to one sheet",7,1,"pdf to excel"
3859,"pdf to excel unlimited",7,1,"pdf to excel"
3860,"pdf to excel with ai",7,1,"pdf to excel"
3861,"pdf to excel without password",7,1,"pdf to excel"
3862,"pdf to excel xml",7,1,"pdf to excel"
3863,"pdf to jpg 10 kb",7,1,"pdf to jpg"
3864,"pdf to jpg 200 dpi",7,1,"pdf to jpg"
3865,"pdf to jpg 30 kb converter",7,1,"pdf to jpg"
3866,"pdf to jpg 4k quality",7,1,"pdf to jpg"
3867,"pdf to jpg 50 kb to 150 kb",7,1,"pdf to jpg"
3868,"pdf to jpg 6mb",7,1,"pdf to jpg"
3869,"pdf to jpg 75 kb online free",7,1,"pdf to jpg"
3870,"pdf to jpg 80",7,1,"pdf to jpg"
3871,"pdf to jpg 900",7,1,"pdf to jpg"
3872,"pdf to jpg and resize",7,1,"pdf to jpg"
3873,"pdf to jpg apps free download",7,1,"pdf to jpg"
3874,"pdf to jpg best quality",7,1,"pdf to jpg"
3875,"pdf to jpg compressor",7,1,"pdf to jpg"
3876,"pdf to jpg converter o",7,1,"pdf to jpg"
3877,"pdf to jpg difference",7,1,"pdf to jpg"
3878,"pdf to jpg extension",7,1,"pdf to jpg"
3879,"pdf to jpg format online",7,1,"pdf to jpg"
3880,"pdf to jpg free high quality",7,1,"pdf to jpg"
3881,"pdf to jpg grayscale",7,1,"pdf to jpg"
3882,"pdf to jpg high quality hd",7,1,"pdf to jpg"
3883,"pdf to jpg i7",7,1,"pdf to jpg"
3884,"pdf to jpg in 500kb",7,1,"pdf to jpg"
3885,"pdf to jpg jpg2pdf",7,1,"pdf to jpg"
3886,"pdf to jpg kompres",7,1,"pdf to jpg"
3887,"pdf to jpg lossless",7,1,"pdf to jpg"
3888,"pdf to jpg merge i love pdf",7,1,"pdf to jpg"
3889,"pdf to jpg no compression",7,1,"pdf to jpg"
3890,"pdf to jpg online free high quality",7,1,"pdf to jpg"
3891,"pdf to jpg pi",7,1,"pdf to jpg"
3892,"pdf to jpg quality free",7,1,"pdf to jpg"
3893,"pdf to jpg reduce size 200 kb",7,1,"pdf to jpg"
3894,"pdf to jpg same quality",7,1,"pdf to jpg"
3895,"pdf to jpg to 500kb",7,1,"pdf to jpg"
3896,"pdf to jpg under 1mb",7,1,"pdf to jpg"
3897,"pdf to jpg with verify signature",7,1,"pdf to jpg"
3898,"pdf to jpg without watermark",7,1,"pdf to jpg"
3899,"pdf to jpg zoom",7,1,"pdf to jpg"
3900,"pdf to ppt 2007 converter",7,1,"pdf to ppt"
3901,"pdf to ppt ai converter free",7,1,"pdf to ppt"
3902,"pdf to ppt best",7,1,"pdf to ppt"
3903,"pdf to ppt canva",7,1,"pdf to ppt"
3904,"pdf to ppt converter 11zon",7,1,"pdf to ppt"
3905,"pdf to ppt converter app free",7,1,"pdf to ppt"
3906,"pdf to ppt editable converter online",7,1,"pdf to ppt"
3907,"pdf to ppt file converter",7,1,"pdf to ppt"
3908,"pdf to ppt for free download",7,1,"pdf to ppt"
3909,"pdf to ppt github",7,1,"pdf to ppt"
3910,"pdf to ppt hd converter",7,1,"pdf to ppt"
3911,"pdf to ppt image converter",7,1,"pdf to ppt"
3912,"pdf to ppt in free",7,1,"pdf to ppt"
3913,"pdf to ppt large",7,1,"pdf to ppt"
3914,"pdf to ppt maker ai free download",7,1,"pdf to ppt"
3915,"pdf to ppt me kaise convert kare",7,1,"pdf to ppt"
3916,"pdf to ppt non editable",7,1,"pdf to ppt"
3917,"pdf to ppt online converter free download",7,1,"pdf to ppt"
3918,"pdf to ppt pdf candy",7,1,"pdf to ppt"
3919,"pdf to ppt slides ai",7,1,"pdf to ppt"
3920,"pdf to ppt text recognition",7,1,"pdf to ppt"
3921,"pdf to ppt tinywow",7,1,"pdf to ppt"
3922,"pdf to ppt using adobe",7,1,"pdf to ppt"
3923,"pdf to ppt without watermark",7,1,"pdf to ppt"
3924,"pdf to pptx file converter",7,1,"pdf to ppt"
3925,"pdf to word 100 mb free",7,1,"pdf to word"
3926,"pdf to word 2007 converter free download",7,1,"pdf to word"
3927,"pdf to word 24pdf",7,1,"pdf to word"
3928,"pdf to word 365 converter",7,1,"pdf to word"
3929,"pdf to word 5 files",7,1,"pdf to word"
3930,"pdf to word and edit text",7,1,"pdf to word"
3931,"pdf to word any size",7,1,"pdf to word"
3932,"pdf to word app for pc",7,1,"pdf to word"
3933,"pdf to word by ai",7,1,"pdf to word"
3934,"pdf to word class 9",7,1,"pdf to word"
3935,"pdf to word converter with ocr free",7,1,"pdf to word"
3936,"pdf to word docx",7,1,"pdf to word"
3937,"pdf to word editable format",7,1,"pdf to word"
3938,"pdf to word for free no sign up",7,1,"pdf to word"
3939,"pdf to word free editable",7,1,"pdf to word"
3940,"pdf to word gemini",7,1,"pdf to word"
3941,"pdf to word hindi font converter",7,1,"pdf to word"
3942,"pdf to word in laptop",7,1,"pdf to word"
3943,"pdf to word jpg converter free download",7,1,"pdf to word"
3944,"pdf to word krutidev",7,1,"pdf to word"
3945,"pdf to word light pdf",7,1,"pdf to word"
3946,"pdf to word more than 15 mb",7,1,"pdf to word"
3947,"pdf to word notepad converter",7,1,"pdf to word"
3948,"pdf to word online edit",7,1,"pdf to word"
3949,"pdf to word pdf converter",7,1,"pdf to word"
3950,"pdf to word readable converter",7,1,"pdf to word"
3951,"pdf to word separate",7,1,"pdf to word"
3952,"pdf to word to excel",7,1,"pdf to word"
3953,"pdf to word typing jobs",7,1,"pdf to word"
3954,"pdf to word unlock",7,1,"pdf to word"
3955,"pdf to word without ocr free",7,1,"pdf to word"
3956,"pdf to word zorro",7,1,"pdf to word"
3957,"pdf watermark add online",7,1,"watermark pdf"
3958,"pdf watermark changer",7,1,"watermark pdf"
3959,"pdf watermark free tool",7,1,"watermark pdf"
3960,"pdf watermark link remover",7,1,"watermark pdf"
3961,"pdf watermark program",7,1,"watermark pdf"
3962,"pdf watermark set",7,1,"watermark pdf"
3963,"pdf watermark text remover",7,1,"watermark pdf"
3964,"ppt to pdf 5mb",7,1,"pdf to ppt"
3965,"ppt to pdf zip",7,1,"pdf to ppt"
3966,"quillbot pdf to ppt converter",7,1,"pdf to ppt"
3967,"remove watermark pdf online free",7,1,"watermark pdf"
3968,"rotate pdf 15 degrees",7,1,"rotate pdf"
3969,"rotate pdf and save it that way",7,1,"rotate pdf"
3970,"rotate pdf by a few degrees",7,1,"rotate pdf"
3971,"rotate pdf chrome",7,1,"rotate pdf"
3972,"rotate pdf document free",7,1,"rotate pdf"
3973,"rotate pdf file shortcut key",7,1,"rotate pdf"
3974,"rotate pdf for me",7,1,"rotate pdf"
3975,"rotate pdf free adobe",7,1,"rotate pdf"
3976,"rotate pdf gimp",7,1,"rotate pdf"
3977,"rotate pdf in acrobat",7,1,"rotate pdf"
3978,"rotate pdf individual pages online",7,1,"rotate pdf"
3979,"rotate pdf kindle",7,1,"rotate pdf"
3980,"rotate pdf locally",7,1,"rotate pdf"
3981,"rotate pdf no sign up",7,1,"rotate pdf"
3982,"rotate pdf on iphone",7,1,"rotate pdf"
3983,"rotate pdf one page only",7,1,"rotate pdf"
3984,"rotate pdf online and save",7,1,"rotate pdf"
3985,"rotate pdf pages one by one online",7,1,"rotate pdf"
3986,"rotate pdf permanently pdf xchange editor",7,1,"rotate pdf"
3987,"rotate pdf program",7,1,"rotate pdf"
3988,"rotate pdf single page online",7,1,"rotate pdf"
3989,"rotate pdf using python",7,1,"rotate pdf"
3990,"rotate pdf won't save",7,1,"rotate pdf"
3991,"rotate to pdf",7,1,"rotate pdf"
3992,"shortcut to rotate view in pdf",7,1,"rotate pdf"
3993,"split pdf 1st page",7,1,"split pdf"
3994,"split pdf 200mb",7,1,"split pdf"
3995,"split pdf according to size",7,1,"split pdf"
3996,"split pdf app android",7,1,"split pdf"
3997,"split pdf by range",7,1,"split pdf"
3998,"split pdf cutter",7,1,"split pdf"
3999,"split pdf doc",7,1,"split pdf"
4000,"split pdf each page online",7,1,"split pdf"
4001,"split pdf every 3 pages",7,1,"split pdf"
4002,"split pdf for printing",7,1,"split pdf"
4003,"split pdf free no sign up",7,1,"split pdf"
4004,"split pdf from page to page",7,1,"split pdf"
4005,"split pdf google drive",7,1,"split pdf"
4006,"split pdf half page",7,1,"split pdf"
4007,"split pdf in jpg",7,1,"split pdf"
4008,"split pdf into 50 pages",7,1,"split pdf"
4009,"split pdf into images",7,1,"split pdf"
4010,"split pdf jadi per halaman",7,1,"split pdf"
4011,"split pdf ka matlab kya hai",7,1,"split pdf"
4012,"split pdf linux",7,1,"split pdf"
4013,"split pdf multiple pages",7,1,"split pdf"
4014,"split pdf nodejs",7,1,"split pdf"
4015,"split pdf pages pdf xchange",7,1,"split pdf"
4016,"split pdf pi7",7,1,"split pdf"
4017,"split pdf reader",7,1,"split pdf"
4018,"split pdf separately",7,1,"split pdf"
4019,"split pdf ubuntu command line",7,1,"split pdf"
4020,"split pdf vertically online free",7,1,"split pdf"
4021,"split pdf with size",7,1,"split pdf"
4022,"split pdf without increase size",7,1,"split pdf"
4023,"stamp paper pdf",7,1,"watermark pdf"
4024,"stamp pdf batch",7,1,"watermark pdf"
4025,"stamp pdf download",7,1,"watermark pdf"
4026,"turn 2 pdf pages into 1",7,1,"rotate pdf"
4027,"turn pdf 90",7,1,"rotate pdf"
4028,"turn pdf right side up",7,1,"rotate pdf"
4029,"turn your pdf into an audiobook",7,1,"rotate pdf"
4030,"unlock watermark pdf",7,1,"watermark pdf"
4031,"water mark pdf remove",7,1,"watermark pdf"
4032,"watermark in pdf online free",7,1,"watermark pdf"
4033,"watermark on pdf free",7,1,"watermark pdf"
4034,"watermark pdf in canva",7,1,"watermark pdf"
4035,"watermark pdf maker free",7,1,"watermark pdf"
4036,"word to pdf 100 mb",7,1,"word to pdf"
4037,"word to pdf 20 mb",7,1,"word to pdf"
4038,"word to pdf 300",7,1,"word to pdf"
4039,"word to pdf 5 files",7,1,"word to pdf"
4040,"word to pdf a4 size",7,1,"word to pdf"
4041,"word to pdf apple",7,1,"word to pdf"
4042,"word to pdf best converter",7,1,"word to pdf"
4043,"word to pdf conversion",7,1,"word to pdf"
4044,"word to pdf converter windows 7",7,1,"word to pdf"
4045,"word to pdf document converter free",7,1,"word to pdf"
4046,"word to pdf editable converter",7,1,"word to pdf"
4047,"word to pdf for free download",7,1,"word to pdf"
4048,"word to pdf format converter",7,1,"word to pdf"
4049,"word to pdf free app",7,1,"word to pdf"
4050,"word to pdf go",7,1,"word to pdf"
4051,"word to pdf hindi font converter",7,1,"word to pdf"
4052,"word to pdf jadi 1 file",7,1,"word to pdf"
4053,"word to pdf kb converter",7,1,"word to pdf"
4054,"word to pdf legal size",7,1,"word to pdf"
4055,"word to pdf multiple files free",7,1,"word to pdf"
4056,"word to pdf nitro",7,1,"word to pdf"
4057,"word to pdf online2",7,1,"word to pdf"
4058,"word to pdf password protected",7,1,"word to pdf"
4059,"word to pdf resume maker",7,1,"word to pdf"
4060,"word to pdf split pages",7,1,"word to pdf"
4061,"word to pdf tamil converter",7,1,"word to pdf"
4062,"word to pdf to excel converter online",7,1,"word to pdf"
4063,"word to pdf under 100kb",7,1,"word to pdf"
4064,"word to pdf with proper alignment",7,1,"word to pdf"
4065,"word to pdf without losing quality",7,1,"word to pdf"
4066,"word to pdf zdarma",7,1,"word to pdf"
4067,"xnconvert pdf to jpg",7,1,"pdf to jpg"
4068,"compress pdf to 400kb",8,4,"compress pdf"
4069,"compress pdf online 300kb",8,2,"compress pdf"
4070,"jpg to pdf converter 300kb",8,2,"jpg to pdf"
4071,"merge pdf to pdf 500kb",8,2,"merge pdf"
4072,"pdf to ppt with ai",8,2,"pdf to ppt"
4073,"split pdf to go",8,2,"split pdf"
4074,"word to pdf best quality",8,2,"word to pdf"
4075,"0nline jpg to pdf",8,1,"jpg to pdf"
4076,"0nline pdf to jpg converter",8,1,"pdf to jpg"
4077,"0nline word to pdf",8,1,"word to pdf"
4078,"11zon jpg to pdf",8,1,"pdf to jpg"
4079,"add watermark pdf online",8,1,"watermark pdf"
4080,"add watermark to pdf using preview",8,1,"watermark pdf"
4081,"best compress pdf reddit",8,1,"compress pdf"
4082,"best excel to pdf converter offline",8,1,"excel to pdf"
4083,"best jpg to pdf converter app for android",8,1,"jpg to pdf"
4084,"best pdf merge software",8,1,"merge pdf"
4085,"best pdf to excel converter ai",8,1,"pdf to excel"
4086,"best pdf to jpg converter software",8,1,"pdf to jpg"
4087,"best pdf to ppt converter i love pdf",8,1,"pdf to ppt"
4088,"best pdf to word converter software",8,1,"pdf to word"
4089,"best pdf watermark remover online",8,1,"watermark pdf"
4090,"best way to split pdf",8,1,"split pdf"
4091,"best word to pdf converter app",8,1,"word to pdf"
4092,"can you change pdf to jpg",8,1,"pdf to jpg"
4093,"can you upload pdf to ppt",8,1,"pdf to ppt"
4094,"chèn watermark vào pdf online",8,1,"watermark pdf"
4095,"combine pdf 800 kb",8,1,"merge pdf"
4096,"combine your pdf",8,1,"merge pdf"
4097,"compress file pdf xchange editor",8,1,"compress pdf"
4098,"compress pdf 0.5",8,1,"compress pdf"
4099,"compress pdf 100kb online",8,1,"compress pdf"
4100,"compress pdf 2mb online",8,1,"compress pdf"
4101,"compress pdf 300kb free",8,1,"compress pdf"
4102,"compress pdf 450 kb online free",8,1,"compress pdf"
4103,"compress pdf 5mp",8,1,"compress pdf"
4104,"compress pdf 600mb free",8,1,"compress pdf"
4105,"compress pdf 700 kb online free",8,1,"compress pdf"
4106,"compress pdf 80 kb online free",8,1,"compress pdf"
4107,"compress pdf 990 kb",8,1,"compress pdf"
4108,"compress pdf and download free",8,1,"compress pdf"
4109,"compress pdf apple shortcut",8,1,"compress pdf"
4110,"compress pdf below 3mb",8,1,"compress pdf"
4111,"compress pdf converter 200 kb",8,1,"compress pdf"
4112,"compress pdf dpi 200",8,1,"compress pdf"
4113,"compress pdf extra small",8,1,"compress pdf"
4114,"compress pdf for tnpsc",8,1,"compress pdf"
4115,"compress pdf free 200kb",8,1,"compress pdf"
4116,"compress pdf greater than 100kb",8,1,"compress pdf"
4117,"compress pdf high mb to low mb",8,1,"compress pdf"
4118,"compress pdf in 100 kb",8,1,"compress pdf"
4119,"compress pdf jpeg to 50kb",8,1,"compress pdf"
4120,"compress pdf kb to mb converter",8,1,"compress pdf"
4121,"compress pdf less than 3 mb",8,1,"compress pdf"
4122,"compress pdf mb to kb free",8,1,"compress pdf"
4123,"compress pdf nic",8,1,"compress pdf"
4124,"compress pdf pages online",8,1,"compress pdf"
4125,"compress pdf quality loss",8,1,"compress pdf"
4126,"compress pdf range",8,1,"compress pdf"
4127,"compress pdf size to 2mb",8,1,"compress pdf"
4128,"compress pdf upto 500kb",8,1,"compress pdf"
4129,"compress pdf via adobe",8,1,"compress pdf"
4130,"compress pdf within 200kb",8,1,"compress pdf"
4131,"compress pdf without removing dsc",8,1,"compress pdf"
4132,"compress pdf yang cepat",8,1,"compress pdf"
4133,"compress pdf zip file online",8,1,"compress pdf"
4134,"convert jpg to pdf youtube",8,1,"jpg to pdf"
4135,"convert pdf to word yang rapih",8,1,"pdf to word"
4136,"convert word to pdf 800 kb",8,1,"pdf to word"
4137,"convert wps excel to pdf zamzar",8,1,"excel to pdf"
4138,"draft watermark in pdf xchange",8,1,"watermark pdf"
4139,"excel pdf upload",8,1,"excel to pdf"
4140,"excel pdf ye çevir",8,1,"excel to pdf"
4141,"excel questions pdf download",8,1,"excel to pdf"
4142,"excel to pdf 1 halaman",8,1,"excel to pdf"
4143,"excel to pdf 2mb converter",8,1,"excel to pdf"
4144,"excel to pdf ai",8,1,"excel to pdf"
4145,"excel to pdf apple",8,1,"excel to pdf"
4146,"excel to pdf big",8,1,"excel to pdf"
4147,"excel to pdf converter online i love pdf",8,1,"excel to pdf"
4148,"excel to pdf dönüştürücü",8,1,"excel to pdf"
4149,"excel to pdf excel converter",8,1,"excel to pdf"
4150,"excel to pdf free online without email",8,1,"excel to pdf"
4151,"excel to pdf google",8,1,"excel to pdf"
4152,"excel to pdf high resolution",8,1,"excel to pdf"
4153,"excel to pdf in a4 size",8,1,"excel to pdf"
4154,"excel to pdf json",8,1,"excel to pdf"
4155,"excel to pdf keeps cutting off columns",8,1,"excel to pdf"
4156,"excel to pdf link",8,1,"excel to pdf"
4157,"excel to pdf merge free",8,1,"excel to pdf"
4158,"excel to pdf no printer installed",8,1,"excel to pdf"
4159,"excel to pdf online gratis",8,1,"excel to pdf"
4160,"excel to pdf pdf2go",8,1,"excel to pdf"
4161,"excel to pdf row cut off",8,1,"excel to pdf"
4162,"excel to pdf shortcut",8,1,"excel to pdf"
4163,"excel to pdf two pages",8,1,"excel to pdf"
4164,"excel to pdf without margins",8,1,"excel to pdf"
4165,"excel to pdf work",8,1,"excel to pdf"
4166,"excel xlsm to pdf converter",8,1,"excel to pdf"
4167,"free compress pdf file size",8,1,"compress pdf"
4168,"free excel to pdf download",8,1,"excel to pdf"
4169,"free jpg to pdf merger",8,1,"jpg to pdf"
4170,"free merge pdf and image",8,1,"merge pdf"
4171,"free pdf rotate tool online",8,1,"rotate pdf"
4172,"free pdf to excel sheet converter",8,1,"pdf to excel"
4173,"free pdf to jpg converter 100 kb",8,1,"pdf to jpg"
4174,"free pdf to ppt conversion",8,1,"pdf to ppt"
4175,"free pdf to word with ocr",8,1,"pdf to word"
4176,"free pdf watermark remover ai",8,1,"watermark pdf"
4177,"free split pdf document",8,1,"split pdf"
4178,"free word to pdf converter offline",8,1,"word to pdf"
4179,"ghostscript rotate pdf 90 degrees",8,1,"rotate pdf"
4180,"how rotate pdf document",8,1,"rotate pdf"
4181,"how to a pdf to word",8,1,"pdf to word"
4182,"how to compress pdf file size in macbook",8,1,"compress pdf"
4183,"how to convert pdf to pptx free",8,1,"pdf to ppt"
4184,"how to jpg to pdf android",8,1,"jpg to pdf"
4185,"how to merge pdf files in mobile",8,1,"merge pdf"
4186,"how to pdf and excel spreadsheet",8,1,"pdf to excel"
4187,"how to pdf to jpg windows",8,1,"pdf to jpg"
4188,"how to rotate pdf file in pc",8,1,"rotate pdf"
4189,"how to rotate pdf without subscription",8,1,"rotate pdf"
4190,"how to save excel to pdf",8,1,"excel to pdf"
4191,"how to send a pdf to word",8,1,"pdf to word"
4192,"how to split pdf file online",8,1,"split pdf"
4193,"how to watermark pdf online",8,1,"watermark pdf"
4194,"how to word to pdf file",8,1,"word to pdf"
4195,"i love my pdf ppt to jpg",8,1,"pdf to ppt"
4196,"i love pdf jpg to xls",8,1,"pdf to jpg"
4197,"import pdf to excel 365",8,1,"pdf to excel"
4198,"jpg to pdf 10 mb",8,1,"jpg to pdf"
4199,"jpg to pdf 250 kb converter",8,1,"jpg to pdf"
4200,"jpg to pdf 3 mb converter",8,1,"jpg to pdf"
4201,"jpg to pdf 4mb converter",8,1,"jpg to pdf"
4202,"jpg to pdf 50kb to 200kb",8,1,"jpg to pdf"
4203,"jpg to pdf 650 kb",8,1,"jpg to pdf"
4204,"jpg to pdf 7 mb",8,1,"jpg to pdf"
4205,"jpg to pdf 8 mb convert reduce",8,1,"jpg to pdf"
4206,"jpg to pdf 9 mb",8,1,"jpg to pdf"
4207,"jpg to pdf add",8,1,"jpg to pdf"
4208,"jpg to pdf app download apk",8,1,"jpg to pdf"
4209,"jpg to pdf below 300kb",8,1,"jpg to pdf"
4210,"jpg to pdf doc",8,1,"jpg to pdf"
4211,"jpg to pdf edit online",8,1,"jpg to pdf"
4212,"jpg to pdf for free",8,1,"jpg to pdf"
4213,"jpg to pdf free",8,1,"jpg to pdf"
4214,"jpg to pdf google drive",8,1,"jpg to pdf"
4215,"jpg to pdf high quality converter",8,1,"jpg to pdf"
4216,"jpg to pdf in one file",8,1,"jpg to pdf"
4217,"jpg to pdf joiner free",8,1,"jpg to pdf"
4218,"jpg to pdf kb to mb converter",8,1,"jpg to pdf"
4219,"jpg to pdf low size",8,1,"jpg to pdf"
4220,"jpg to pdf multiple files",8,1,"jpg to pdf"
4221,"jpg to pdf no margin free",8,1,"jpg to pdf"
4222,"jpg to pdf online pi7",8,1,"jpg to pdf"
4223,"jpg to pdf organizer",8,1,"jpg to pdf"
4224,"jpg to pdf photo",8,1,"jpg to pdf"
4225,"jpg to pdf quality high free",8,1,"jpg to pdf"
4226,"jpg to pdf rename",8,1,"jpg to pdf"
4227,"jpg to pdf scanner online",8,1,"jpg to pdf"
4228,"jpg to pdf to merge",8,1,"jpg to pdf"
4229,"jpg to pdf under 400 kb",8,1,"jpg to pdf"
4230,"jpg to pdf video online free",8,1,"jpg to pdf"
4231,"jpg to pdf with merge",8,1,"jpg to pdf"
4232,"jpg to pdf without watermark",8,1,"jpg to pdf"
4233,"jpg to pdf za darmo",8,1,"jpg to pdf"
4234,"merge 6 pdf into 1 free",8,1,"merge pdf"
4235,"merge 7 pdf into 1",8,1,"merge pdf"
4236,"merge 90 pdf",8,1,"merge pdf"
4237,"merge pdf 1 page",8,1,"merge pdf"
4238,"merge pdf 2",8,1,"merge pdf"
4239,"merge pdf 3 in 1",8,1,"merge pdf"
4240,"merge pdf 4 in 1 page",8,1,"merge pdf"
4241,"merge pdf 50",8,1,"merge pdf"
4242,"merge pdf and photo",8,1,"merge pdf"
4243,"merge pdf apple preview",8,1,"merge pdf"
4244,"merge pdf between pages",8,1,"merge pdf"
4245,"merge pdf converter free",8,1,"merge pdf"
4246,"merge pdf documents into one",8,1,"merge pdf"
4247,"merge pdf exe",8,1,"merge pdf"
4248,"merge pdf files below 1 mb",8,1,"merge pdf"
4249,"merge pdf free app",8,1,"merge pdf"
4250,"merge pdf gadget",8,1,"merge pdf"
4251,"merge pdf how",8,1,"merge pdf"
4252,"merge pdf i love 0df",8,1,"merge pdf"
4253,"merge pdf in mac",8,1,"merge pdf"
4254,"merge pdf jpg free",8,1,"merge pdf"
4255,"merge pdf kostenlos",8,1,"merge pdf"
4256,"merge pdf locally",8,1,"merge pdf"
4257,"merge pdf merge online",8,1,"merge pdf"
4258,"merge pdf one page",8,1,"merge pdf"
4259,"merge pdf online less than 1mb",8,1,"merge pdf"
4260,"merge pdf photo",8,1,"merge pdf"
4261,"merge pdf qpdf",8,1,"merge pdf"
4262,"merge pdf remove password",8,1,"merge pdf"
4263,"merge pdf serial wise",8,1,"merge pdf"
4264,"merge pdf upto 500kb",8,1,"merge pdf"
4265,"merge pdf viewer",8,1,"merge pdf"
4266,"merge pdf with page number",8,1,"merge pdf"
4267,"merge pdf without increasing size",8,1,"merge pdf"
4268,"merge pdf zendocs",8,1,"merge pdf"
4269,"ocr pdf 2 word",8,1,"ocr pdf"
4270,"ocr pdf android",8,1,"ocr pdf"
4271,"ocr pdf best reddit",8,1,"ocr pdf"
4272,"ocr pdf compress",8,1,"ocr pdf"
4273,"ocr pdf docker",8,1,"ocr pdf"
4274,"ocr pdf extraction",8,1,"ocr pdf"
4275,"ocr pdf for ai",8,1,"ocr pdf"
4276,"ocr pdf free converter",8,1,"ocr pdf"
4277,"ocr pdf greek",8,1,"ocr pdf"
4278,"ocr pdf highlighter",8,1,"ocr pdf"
4279,"ocr pdf in python",8,1,"ocr pdf"
4280,"ocr pdf libreoffice",8,1,"ocr pdf"
4281,"ocr pdf maker free",8,1,"ocr pdf"
4282,"ocr pdf no size limit",8,1,"ocr pdf"
4283,"ocr pdf over 100 pages",8,1,"ocr pdf"
4284,"ocr pdf png",8,1,"ocr pdf"
4285,"ocr pdf recognition",8,1,"ocr pdf"
4286,"ocr pdf scan",8,1,"ocr pdf"
4287,"ocr pdf to jpg converter",8,1,"ocr pdf"
4288,"ocr pdf to word free online",8,1,"ocr pdf"
4289,"ocr pdf unlimited free",8,1,"ocr pdf"
4290,"ocr pdf with ai",8,1,"ocr pdf"
4291,"ocr vs pdf",8,1,"ocr pdf"
4292,"ocr z pdf online",8,1,"ocr pdf"
4293,"online compress pdf file below 500kb",8,1,"compress pdf"
4294,"online excel to pdf free",8,1,"excel to pdf"
4295,"online jpg to pdf converter i love pdf",8,1,"jpg to pdf"
4296,"online merge pdf converter",8,1,"merge pdf"
4297,"online pdf rotate page wise",8,1,"rotate pdf"
4298,"online pdf to excel converter sejda",8,1,"pdf to excel"
4299,"online pdf to jpg converter 200 kb",8,1,"pdf to jpg"
4300,"online pdf to pptx converter free",8,1,"pdf to ppt"
4301,"online pdf to word converter i love pdf",8,1,"pdf to word"
4302,"online pdf watermark maker free",8,1,"watermark pdf"
4303,"online split pdf into two parts",8,1,"split pdf"
4304,"online word to pdf merger",8,1,"word to pdf"
4305,"pdf ocr keep formatting",8,1,"ocr pdf"
4306,"pdf ocr nasıl yapılır",8,1,"ocr pdf"
4307,"pdf ocr x community edition for mac",8,1,"ocr pdf"
4308,"pdf ppt difference",8,1,"pdf to ppt"
4309,"pdf split app for pc",8,1,"split pdf"
4310,"pdf to convert to word document",8,1,"pdf to word"
4311,"pdf to excel 100 free",8,1,"pdf to excel"
4312,"pdf to excel 2007 converter",8,1,"pdf to excel"
4313,"pdf to excel ai free",8,1,"pdf to excel"
4314,"pdf to excel app iphone",8,1,"pdf to excel"
4315,"pdf to excel bank",8,1,"pdf to excel"
4316,"pdf to excel converter 700 pages",8,1,"excel to pdf"
4317,"pdf to excel converter above 50 mb",8,1,"pdf to excel"
4318,"pdf to excel converter bank statement",8,1,"pdf to excel"
4319,"pdf to excel converter jobs",8,1,"pdf to excel"
4320,"pdf to excel data transfer",8,1,"pdf to excel"
4321,"pdf to excel editor online",8,1,"pdf to excel"
4322,"pdf to excel file converter free",8,1,"pdf to excel"
4323,"pdf to excel for tally prime",8,1,"pdf to excel"
4324,"pdf to excel free online converter without email",8,1,"pdf to excel"
4325,"pdf to excel gujarati language",8,1,"pdf to excel"
4326,"pdf to excel in hindi",8,1,"pdf to excel"
4327,"pdf to excel in single sheet free download",8,1,"pdf to excel"
4328,"pdf to excel kaise banaye",8,1,"pdf to excel"
4329,"pdf to excel libreoffice",8,1,"pdf to excel"
4330,"pdf to excel microsoft",8,1,"pdf to excel"
4331,"pdf to excel not working",8,1,"pdf to excel"
4332,"pdf to excel online converter i love pdf",8,1,"pdf to excel"
4333,"pdf to excel pdf converter",8,1,"pdf to excel"
4334,"pdf to excel report",8,1,"pdf to excel"
4335,"pdf to excel statement converter",8,1,"pdf to excel"
4336,"pdf to excel table converter online free",8,1,"pdf to excel"
4337,"pdf to excel to edit",8,1,"pdf to excel"
4338,"pdf to excel using ai free",8,1,"pdf to excel"
4339,"pdf to excel without merged cells",8,1,"pdf to excel"
4340,"pdf to excel xls converter online",8,1,"pdf to excel"
4341,"pdf to excel zoho",8,1,"pdf to excel"
4342,"pdf to jpg 180 kb",8,1,"pdf to jpg"
4343,"pdf to jpg 200kb i love pdf",8,1,"pdf to jpg"
4344,"pdf to jpg 30 kb online free",8,1,"pdf to jpg"
4345,"pdf to jpg 40 kb converter",8,1,"pdf to jpg"
4346,"pdf to jpg 5mb",8,1,"pdf to jpg"
4347,"pdf to jpg 60 kb converter",8,1,"pdf to jpg"
4348,"pdf to jpg 750 kb",8,1,"pdf to jpg"
4349,"pdf to jpg 800",8,1,"pdf to jpg"
4350,"pdf to jpg 90kb online free",8,1,"pdf to jpg"
4351,"pdf to jpg aadhar",8,1,"pdf to jpg"
4352,"pdf to jpg apple shortcut",8,1,"pdf to jpg"
4353,"pdf to jpg below 150kb",8,1,"pdf to jpg"
4354,"pdf to jpg converter 50kb",8,1,"pdf to jpg"
4355,"pdf to jpg drawboard",8,1,"pdf to jpg"
4356,"pdf to jpg extract images",8,1,"pdf to jpg"
4357,"pdf to jpg file converter free",8,1,"pdf to jpg"
4358,"pdf to jpg free no sign up",8,1,"pdf to jpg"
4359,"pdf to jpg gggg",8,1,"pdf to jpg"
4360,"pdf to jpg high quality converter",8,1,"pdf to jpg"
4361,"pdf to jpg in hd",8,1,"pdf to jpg"
4362,"pdf to jpg jpeg format",8,1,"pdf to jpg"
4363,"pdf to jpg keep quality",8,1,"pdf to jpg"
4364,"pdf to jpg large file free",8,1,"pdf to jpg"
4365,"pdf to jpg mb to kb converter",8,1,"pdf to jpg"
4366,"pdf to jpg no zip",8,1,"pdf to jpg"
4367,"pdf to jpg offline",8,1,"pdf to jpg"
4368,"pdf to jpg online 100kb",8,1,"pdf to jpg"
4369,"pdf to jpg pi7 tool",8,1,"pdf to jpg"
4370,"pdf to jpg q",8,1,"pdf to jpg"
4371,"pdf to jpg rajasthan teacher",8,1,"pdf to jpg"
4372,"pdf to jpg size reducer 100 kb",8,1,"pdf to jpg"
4373,"pdf to jpg text converter",8,1,"pdf to jpg"
4374,"pdf to jpg to 20kb",8,1,"pdf to jpg"
4375,"pdf to jpg under 150kb",8,1,"pdf to jpg"
4376,"pdf to jpg without limit",8,1,"pdf to jpg"
4377,"pdf to ppt 2003",8,1,"pdf to ppt"
4378,"pdf to ppt adobe acrobat",8,1,"pdf to ppt"
4379,"pdf to ppt ai app",8,1,"pdf to ppt"
4380,"pdf to ppt converter 100 mb",8,1,"pdf to ppt"
4381,"pdf to ppt converter large files",8,1,"pdf to ppt"
4382,"pdf to ppt for free ai",8,1,"pdf to ppt"
4383,"pdf to ppt format converter",8,1,"pdf to ppt"
4384,"pdf to ppt free i love pdf",8,1,"pdf to ppt"
4385,"pdf to ppt google zoeken",8,1,"pdf to ppt"
4386,"pdf to ppt gratis online",8,1,"pdf to ppt"
4387,"pdf to ppt in ai",8,1,"pdf to ppt"
4388,"pdf to ppt linux",8,1,"pdf to ppt"
4389,"pdf to ppt microsoft",8,1,"pdf to ppt"
4390,"pdf to ppt more than 30 mb",8,1,"pdf to ppt"
4391,"pdf to ppt notes",8,1,"pdf to ppt"
4392,"pdf to ppt original converter",8,1,"pdf to ppt"
4393,"pdf to ppt prompt",8,1,"pdf to ppt"
4394,"pdf to ppt small",8,1,"pdf to ppt"
4395,"pdf to ppt translate",8,1,"pdf to ppt"
4396,"pdf to ppt using python",8,1,"pdf to ppt"
4397,"pdf to ppt without login",8,1,"pdf to ppt"
4398,"pdf to ppt word",8,1,"pdf to ppt"
4399,"pdf to pptx converter ai",8,1,"pdf to ppt"
4400,"pdf to word 100 free converter",8,1,"pdf to word"
4401,"pdf to word 2007 free",8,1,"pdf to word"
4402,"pdf to word 2010 converter",8,1,"pdf to word"
4403,"pdf to word 300 pages",8,1,"pdf to word"
4404,"pdf to word 50 pages",8,1,"pdf to word"
4405,"pdf to word 97 2003 converter online",8,1,"word to pdf"
4406,"pdf to word ai converter online",8,1,"pdf to word"
4407,"pdf to word application",8,1,"pdf to word"
4408,"pdf to word big file converter free",8,1,"pdf to word"
4409,"pdf to word converter free download",8,1,"pdf to word"
4410,"pdf to word doc converter online",8,1,"pdf to word"
4411,"pdf to word for free converter",8,1,"pdf to word"
4412,"pdf to word format converter",8,1,"pdf to word"
4413,"pdf to word free ocr online",8,1,"pdf to word"
4414,"pdf to word generator free",8,1,"pdf to word"
4415,"pdf to word hd",8,1,"pdf to word"
4416,"pdf to word image",8,1,"pdf to word"
4417,"pdf to word in ocr free",8,1,"pdf to word"
4418,"pdf to word jotform",8,1,"pdf to word"
4419,"pdf to word k",8,1,"pdf to word"
4420,"pdf to word latex",8,1,"pdf to word"
4421,"pdf to word mac",8,1,"pdf to word"
4422,"pdf to word non editable",8,1,"pdf to word"
4423,"pdf to word ocr converter free",8,1,"pdf to word"
4424,"pdf to word online ocr",8,1,"pdf to word"
4425,"pdf to word powerpoint",8,1,"pdf to word"
4426,"pdf to word reddit",8,1,"pdf to word"
4427,"pdf to word sejda converter",8,1,"pdf to word"
4428,"pdf to word soft 98",8,1,"pdf to word"
4429,"pdf to word to pdf i love pdf",8,1,"pdf to word"
4430,"pdf to word using ocr free online",8,1,"pdf to word"
4431,"pdf to word without changing format and font",8,1,"pdf to word"
4432,"pdf to word word converter",8,1,"pdf to word"
4433,"pdf to word xoxo",8,1,"pdf to word"
4434,"pdf watermark adder online",8,1,"watermark pdf"
4435,"pdf watermark creator free",8,1,"watermark pdf"
4436,"pdf watermark library",8,1,"watermark pdf"
4437,"pdf watermark remover app for android",8,1,"watermark pdf"
4438,"pdf watermark remover chrome",8,1,"watermark pdf"
4439,"pdf watermark text",8,1,"watermark pdf"
4440,"pdf x combine",8,1,"merge pdf"
4441,"ppt to pdf 500 mb",8,1,"pdf to ppt"
4442,"quillbot pdf to excel converter",8,1,"pdf to excel"
4443,"quillbot pdf to ppt",8,1,"pdf to ppt"
4444,"remove watermark pdf bluebeam",8,1,"watermark pdf"
4445,"remove watermark with pdf",8,1,"watermark pdf"
4446,"rotate pdf 180 degrees and save",8,1,"rotate pdf"
4447,"rotate pdf and crop",8,1,"rotate pdf"
4448,"rotate pdf boldsign",8,1,"rotate pdf"
4449,"rotate pdf canva",8,1,"rotate pdf"
4450,"rotate pdf degrees online",8,1,"rotate pdf"
4451,"rotate pdf file and save",8,1,"rotate pdf"
4452,"rotate pdf free tool",8,1,"rotate pdf"
4453,"rotate pdf github",8,1,"rotate pdf"
4454,"rotate pdf in apple books",8,1,"rotate pdf"
4455,"rotate pdf in bluebeam",8,1,"rotate pdf"
4456,"rotate pdf kami",8,1,"rotate pdf"
4457,"rotate pdf latex",8,1,"rotate pdf"
4458,"rotate pdf macbook",8,1,"rotate pdf"
4459,"rotate pdf one page",8,1,"rotate pdf"
4460,"rotate pdf online2pdf",8,1,"rotate pdf"
4461,"rotate pdf pages free",8,1,"rotate pdf"
4462,"rotate pdf separate pages",8,1,"rotate pdf"
4463,"rotate pdf text",8,1,"rotate pdf"
4464,"rotate pdf with adobe reader",8,1,"rotate pdf"
4465,"rotate text in pdf xchange viewer",8,1,"rotate pdf"
4466,"rotation rules pdf",8,1,"rotate pdf"
4467,"split kick pdf",8,1,"split pdf"
4468,"split pdf 150mb",8,1,"split pdf"
4469,"split pdf 200mb free",8,1,"split pdf"
4470,"split pdf and convert to excel",8,1,"split pdf"
4471,"split pdf by file size",8,1,"split pdf"
4472,"split pdf canva",8,1,"split pdf"
4473,"split pdf delete pages",8,1,"split pdf"
4474,"split pdf editor free",8,1,"split pdf"
4475,"split pdf file into multiple files",8,1,"split pdf"
4476,"split pdf for large files",8,1,"split pdf"
4477,"split pdf free reddit",8,1,"split pdf"
4478,"split pdf gratis online",8,1,"split pdf"
4479,"split pdf hindi meaning",8,1,"split pdf"
4480,"split pdf in 4 parts",8,1,"split pdf"
4481,"split pdf into 3 files",8,1,"split pdf"
4482,"split pdf into 5",8,1,"split pdf"
4483,"split pdf into multiple files",8,1,"split pdf"
4484,"split pdf into zip file",8,1,"split pdf"
4485,"split pdf java",8,1,"split pdf"
4486,"split pdf link",8,1,"split pdf"
4487,"split pdf more than 100mb free",8,1,"split pdf"
4488,"split pdf odd even pages",8,1,"split pdf"
4489,"split pdf online 24",8,1,"split pdf"
4490,"split pdf online high quality",8,1,"split pdf"
4491,"split pdf pages to images",8,1,"split pdf"
4492,"split pdf rotate",8,1,"split pdf"
4493,"split pdf selected pages",8,1,"split pdf"
4494,"split pdf up to 200mb",8,1,"split pdf"
4495,"split pdf using pdf xchange editor",8,1,"split pdf"
4496,"split pdf vertically acrobat",8,1,"split pdf"
4497,"split pdf with dsc",8,1,"split pdf"
4498,"split pdf without uploading",8,1,"split pdf"
4499,"stamp paper pdf free download",8,1,"watermark pdf"
4500,"stamp pdf document online",8,1,"watermark pdf"
4501,"stamp pdf free",8,1,"watermark pdf"
4502,"turn 2 pdf files into 1",8,1,"rotate pdf"
4503,"turn pdf to word",8,1,"rotate pdf"
4504,"turn pdf upside down",8,1,"rotate pdf"
4505,"turn your pdf into brainrot",8,1,"rotate pdf"
4506,"watermark in pdf free",8,1,"watermark pdf"
4507,"watermark on pdf document",8,1,"watermark pdf"
4508,"watermark pdf in bluebeam",8,1,"watermark pdf"
4509,"watermark pdf mosaic",8,1,"watermark pdf"
4510,"watermark remover pdf github",8,1,"watermark pdf"
4511,"why can't i convert word to pdf",8,1,"word to pdf"
4512,"word rtf 8 to pdf",8,1,"word to pdf"
4513,"word to pdf 10 mb",8,1,"word to pdf"
4514,"word to pdf 2007",8,1,"word to pdf"
4515,"word to pdf 3 files",8,1,"word to pdf"
4516,"word to pdf 50 files",8,1,"word to pdf"
4517,"word to pdf app free download",8,1,"word to pdf"
4518,"word to pdf as it is",8,1,"word to pdf"
4519,"word to pdf below 2 mb",8,1,"word to pdf"
4520,"word to pdf converter adobe free",8,1,"word to pdf"
4521,"word to pdf converter pi 7",8,1,"word to pdf"
4522,"word to pdf driver",8,1,"word to pdf"
4523,"word to pdf exact converter",8,1,"word to pdf"
4524,"word to pdf file converter free",8,1,"word to pdf"
4525,"word to pdf for free converter",8,1,"word to pdf"
4526,"word to pdf free download i love pdf",8,1,"word to pdf"
4527,"word to pdf github",8,1,"word to pdf"
4528,"word to pdf hindi converter",8,1,"word to pdf"
4529,"word to pdf in hindi",8,1,"word to pdf"
4530,"word to pdf js",8,1,"word to pdf"
4531,"word to pdf keyboard shortcut",8,1,"word to pdf"
4532,"word to pdf less than 5 mb",8,1,"word to pdf"
4533,"word to pdf merger free",8,1,"word to pdf"
4534,"word to pdf not formatting correctly",8,1,"word to pdf"
4535,"word to pdf ocr free",8,1,"word to pdf"
4536,"word to pdf online conversion",8,1,"word to pdf"
4537,"word to pdf pdf converter",8,1,"word to pdf"
4538,"word to pdf reddit",8,1,"word to pdf"
4539,"word to pdf shortcut key",8,1,"word to pdf"
4540,"word to pdf to excel",8,1,"word to pdf"
4541,"word to pdf upto 50mb",8,1,"word to pdf"
4542,"word to pdf with password",8,1,"word to pdf"
4543,"word to pdf without any changes",8,1,"word to pdf"
4544,"word to pdf za darmo",8,1,"word to pdf"
4545,"xls to pdf for free",8,1,"excel to pdf"
4546,"compress pdf online 5mb",9,2,"compress pdf"
4547,"compress pdf to 5mb",9,2,"compress pdf"
4548,"how to get a pdf into powerpoint",9,2,"pdf to ppt"
4549,"merge pdf to excel",9,2,"merge pdf"
4550,"pdf to excel online jobs",9,2,"pdf to excel"
4551,"split pdf to merge pdf",9,2,"split pdf"
4552,"0df merge pdf",9,1,"merge pdf"
4553,"0nline jpg to pdf converter",9,1,"jpg to pdf"
4554,"94fbr pdf to word converter",9,1,"pdf to word"
4555,"add watermark pdf online free",9,1,"watermark pdf"
4556,"best compress pdf app free",9,1,"compress pdf"
4557,"best excel to pdf converter app",9,1,"excel to pdf"
4558,"best free pdf split software",9,1,"split pdf"
4559,"best jpg to pdf converter reddit",9,1,"jpg to pdf"
4560,"best pdf merge software free download",9,1,"merge pdf"
4561,"best pdf to excel converter online offline",9,1,"pdf to excel"
4562,"best pdf to jpg converter software free download",9,1,"pdf to jpg"
4563,"best pdf to ppt converter app",9,1,"pdf to ppt"
4564,"best pdf to ppt reddit",9,1,"pdf to ppt"
4565,"best pdf to word converter online 100 free",9,1,"pdf to word"
4566,"best way to watermark pdf",9,1,"watermark pdf"
4567,"can you convert pdf to jpg free",9,1,"pdf to jpg"
4568,"combine pdf 900 kb",9,1,"merge pdf"
4569,"combine pdf quick",9,1,"merge pdf"
4570,"combine pdf xml",9,1,"merge pdf"
4571,"compress pdf 0.5 kb",9,1,"compress pdf"
4572,"compress pdf 1mb online",9,1,"compress pdf"
4573,"compress pdf 300 kb online",9,1,"compress pdf"
4574,"compress pdf 480 kb",9,1,"compress pdf"
4575,"compress pdf 5000kb",9,1,"compress pdf"
4576,"compress pdf 60 mb",9,1,"compress pdf"
4577,"compress pdf 750 kb",9,1,"compress pdf"
4578,"compress pdf 80",9,1,"compress pdf"
4579,"compress pdf 90kb online free",9,1,"compress pdf"
4580,"compress pdf below 20 mb",9,1,"compress pdf"
4581,"compress pdf clever",9,1,"compress pdf"
4582,"compress pdf doc",9,1,"compress pdf"
4583,"compress pdf exact 500kb",9,1,"compress pdf"
4584,"compress pdf file to 1mb",9,1,"compress pdf"
4585,"compress pdf free unlimited",9,1,"compress pdf"
4586,"compress pdf greater than 200kb",9,1,"compress pdf"
4587,"compress pdf high to low",9,1,"compress pdf"
4588,"compress pdf in 5 mb",9,1,"compress pdf"
4589,"compress pdf jpg file",9,1,"compress pdf"
4590,"compress pdf kya hota hai",9,1,"compress pdf"
4591,"compress pdf less than 10 mb",9,1,"compress pdf"
4592,"compress pdf more than 200mb",9,1,"compress pdf"
4593,"compress pdf nitro pro",9,1,"compress pdf"
4594,"compress pdf photo",9,1,"compress pdf"
4595,"compress pdf quality online",9,1,"compress pdf"
4596,"compress pdf reduce quality",9,1,"compress pdf"
4597,"compress pdf size free",9,1,"compress pdf"
4598,"compress pdf to xml",9,1,"compress pdf"
4599,"compress pdf upto 2mb",9,1,"compress pdf"
4600,"compress pdf version 1.4",9,1,"compress pdf"
4601,"compress pdf within 2 mb",9,1,"compress pdf"
4602,"compress pdf without losing quality online",9,1,"compress pdf"
4603,"compress pdf24",9,1,"compress pdf"
4604,"convert excel to pdf for free",9,1,"excel to pdf"
4605,"convert pdf to excel power query",9,1,"pdf to excel"
4606,"convert pdf to jpg zamzar",9,1,"pdf to jpg"
4607,"devlys 010 word to pdf",9,1,"word to pdf"
4608,"easiest way to convert pdf to ppt",9,1,"pdf to ppt"
4609,"easy way to split pdf files",9,1,"split pdf"
4610,"excel pdf yaparken sayfaya sığdırma",9,1,"excel to pdf"
4611,"excel quiz pdf",9,1,"excel to pdf"
4612,"excel to pdf 2mb",9,1,"excel to pdf"
4613,"excel to pdf ai converter",9,1,"excel to pdf"
4614,"excel to pdf best converter",9,1,"excel to pdf"
4615,"excel to pdf compressor",9,1,"excel to pdf"
4616,"excel to pdf download free software",9,1,"excel to pdf"
4617,"excel to pdf each sheet",9,1,"excel to pdf"
4618,"excel to pdf file converter free",9,1,"excel to pdf"
4619,"excel to pdf guide",9,1,"excel to pdf"
4620,"excel to pdf hindi font",9,1,"excel to pdf"
4621,"excel to pdf i love u",9,1,"excel to pdf"
4622,"excel to pdf in 1 page",9,1,"excel to pdf"
4623,"excel to pdf java apache poi",9,1,"excel to pdf"
4624,"excel to pdf keep hyperlinks",9,1,"excel to pdf"
4625,"excel to pdf landscape legal size",9,1,"excel to pdf"
4626,"excel to pdf multiple sheets",9,1,"excel to pdf"
4627,"excel to pdf no email required",9,1,"excel to pdf"
4628,"excel to pdf only one sheet",9,1,"excel to pdf"
4629,"excel to pdf plugin",9,1,"excel to pdf"
4630,"excel to pdf report",9,1,"excel to pdf"
4631,"excel to pdf sheet",9,1,"excel to pdf"
4632,"excel to pdf without lines",9,1,"excel to pdf"
4633,"excel xls to pdf",9,1,"excel to pdf"
4634,"excel zhuan pdf",9,1,"excel to pdf"
4635,"free compress pdf to 2mb",9,1,"compress pdf"
4636,"free jpg to pdf merge online",9,1,"jpg to pdf"
4637,"free merge pdf app",9,1,"merge pdf"
4638,"free pdf rotate app",9,1,"rotate pdf"
4639,"free pdf to excel converter offline",9,1,"pdf to excel"
4640,"free pdf to jpg converter software",9,1,"pdf to jpg"
4641,"free pdf to pptx converter online",9,1,"pdf to ppt"
4642,"free pdf to word ocr converter online",9,1,"pdf to word"
4643,"free pdf watermark creator",9,1,"watermark pdf"
4644,"free word to pdf editor",9,1,"word to pdf"
4645,"how can i open a pdf file in excel for free",9,1,"excel to pdf"
4646,"how can i split a pdf file for free",9,1,"split pdf"
4647,"how to change jpg to pdf",9,1,"jpg to pdf"
4648,"how to compress pdf easily",9,1,"compress pdf"
4649,"how to compress pdf in iphone",9,1,"compress pdf"
4650,"how to convert excel to pdf without losing formatting",9,1,"excel to pdf"
4651,"how to get a pdf to microsoft word",9,1,"pdf to word"
4652,"how to get pdf from word",9,1,"word to pdf"
4653,"how to import pdf to ppt",9,1,"pdf to ppt"
4654,"how to merge pdf files free",9,1,"merge pdf"
4655,"how to pdf file excel",9,1,"pdf to excel"
4656,"how to pdf to jpg format",9,1,"pdf to jpg"
4657,"how to rotate orientation of pdf",9,1,"rotate pdf"
4658,"how to rotate pdf shortcut key",9,1,"rotate pdf"
4659,"how to save excel table as pdf",9,1,"excel to pdf"
4660,"how to split pdf into multiple files",9,1,"split pdf"
4661,"how to watermark pdf as draft",9,1,"watermark pdf"
4662,"how to word to pdf converter online",9,1,"word to pdf"
4663,"i love pdf jpg to 0df",9,1,"pdf to jpg"
4664,"i love pdf jpg to xml",9,1,"pdf to jpg"
4665,"ilovepdf ocr",9,1,"ocr pdf"
4666,"jpg to pdf 1000 kb",9,1,"jpg to pdf"
4667,"jpg to pdf 200 kb 11zon",9,1,"jpg to pdf"
4668,"jpg to pdf 300 kb high quality",9,1,"jpg to pdf"
4669,"jpg to pdf 450 kb converter",9,1,"jpg to pdf"
4670,"jpg to pdf 50kb converter",9,1,"jpg to pdf"
4671,"jpg to pdf 65 kb",9,1,"jpg to pdf"
4672,"jpg to pdf 750 kb",9,1,"jpg to pdf"
4673,"jpg to pdf 800kb i love pdf",9,1,"jpg to pdf"
4674,"jpg to pdf 999 kb",9,1,"jpg to pdf"
4675,"jpg to pdf a4",9,1,"jpg to pdf"
4676,"jpg to pdf apple phone",9,1,"jpg to pdf"
4677,"jpg to pdf below 1mb",9,1,"jpg to pdf"
4678,"jpg to pdf compressor to 200kb",9,1,"jpg to pdf"
4679,"jpg to pdf driver download",9,1,"jpg to pdf"
4680,"jpg to pdf edit text",9,1,"jpg to pdf"
4681,"jpg to pdf format converter",9,1,"jpg to pdf"
4682,"jpg to pdf free size",9,1,"jpg to pdf"
4683,"jpg to pdf gallery",9,1,"jpg to pdf"
4684,"jpg to pdf high quality 300 dpi",9,1,"jpg to pdf"
4685,"jpg to pdf image",9,1,"jpg to pdf"
4686,"jpg to pdf in single page",9,1,"jpg to pdf"
4687,"jpg to pdf j7",9,1,"jpg to pdf"
4688,"jpg to pdf kb 100",9,1,"jpg to pdf"
4689,"jpg to pdf landscape",9,1,"jpg to pdf"
4690,"jpg to pdf love you",9,1,"jpg to pdf"
4691,"jpg to pdf maker online",9,1,"jpg to pdf"
4692,"jpg to pdf net con",9,1,"jpg to pdf"
4693,"jpg to pdf online 100kb",9,1,"jpg to pdf"
4694,"jpg to pdf original size",9,1,"jpg to pdf"
4695,"jpg to pdf photo converter",9,1,"jpg to pdf"
4696,"jpg to pdf q",9,1,"jpg to pdf"
4697,"jpg to pdf resize 1 mb",9,1,"jpg to pdf"
4698,"jpg to pdf size 100 kb",9,1,"jpg to pdf"
4699,"jpg to pdf to converter online",9,1,"jpg to pdf"
4700,"jpg to pdf under 50kb",9,1,"jpg to pdf"
4701,"jpg to pdf vector",9,1,"jpg to pdf"
4702,"jpg to pdf without background",9,1,"jpg to pdf"
4703,"jpg to pdf zdarma",9,1,"jpg to pdf"
4704,"merge 6 pdfs",9,1,"merge pdf"
4705,"merge pdf 11zon 200kb",9,1,"merge pdf"
4706,"merge pdf 24 tools",9,1,"merge pdf"
4707,"merge pdf 300",9,1,"merge pdf"
4708,"merge pdf 40 kb",9,1,"merge pdf"
4709,"merge pdf 50kb online",9,1,"merge pdf"
4710,"merge pdf and image in one pdf",9,1,"merge pdf"
4711,"merge pdf app free download",9,1,"merge pdf"
4712,"merge pdf below 3 mb",9,1,"merge pdf"
4713,"merge pdf combine",9,1,"merge pdf"
4714,"merge pdf delete",9,1,"merge pdf"
4715,"merge pdf dengan ukuran yang sama",9,1,"merge pdf"
4716,"merge pdf extension",9,1,"merge pdf"
4717,"merge pdf files in one pdf",9,1,"merge pdf"
4718,"merge pdf free download i love pdf",9,1,"merge pdf"
4719,"merge pdf government website",9,1,"merge pdf"
4720,"merge pdf heavy files",9,1,"merge pdf"
4721,"merge pdf images online",9,1,"merge pdf"
4722,"merge pdf in one page online",9,1,"merge pdf"
4723,"merge pdf jpg2pdf",9,1,"merge pdf"
4724,"merge pdf ke jpg",9,1,"merge pdf"
4725,"merge pdf low size",9,1,"merge pdf"
4726,"merge pdf mac",9,1,"merge pdf"
4727,"merge pdf node js",9,1,"merge pdf"
4728,"merge pdf online free high quality",9,1,"merge pdf"
4729,"merge pdf pdf",9,1,"merge pdf"
4730,"merge pdf reddit",9,1,"merge pdf"
4731,"merge pdf software",9,1,"merge pdf"
4732,"merge pdf upto 1 mb",9,1,"merge pdf"
4733,"merge pdf visual",9,1,"merge pdf"
4734,"merge pdf without watermark",9,1,"merge pdf"
4735,"merge pdf zoop",9,1,"merge pdf"
4736,"no watermark pdf scanner",9,1,"watermark pdf"
4737,"ocr kannada pdf",9,1,"ocr pdf"
4738,"ocr para pdf que es",9,1,"ocr pdf"
4739,"ocr pdf 2 online",9,1,"ocr pdf"
4740,"ocr pdf arabic free",9,1,"ocr pdf"
4741,"ocr pdf benchmark",9,1,"ocr pdf"
4742,"ocr pdf converter online",9,1,"ocr pdf"
4743,"ocr pdf drive",9,1,"ocr pdf"
4744,"ocr pdf editor free download",9,1,"ocr pdf"
4745,"ocr pdf for testing",9,1,"ocr pdf"
4746,"ocr pdf format",9,1,"ocr pdf"
4747,"ocr pdf guru",9,1,"ocr pdf"
4748,"ocr pdf hindi text",9,1,"ocr pdf"
4749,"ocr pdf laravel",9,1,"ocr pdf"
4750,"ocr pdf microsoft",9,1,"ocr pdf"
4751,"ocr pdf node",9,1,"ocr pdf"
4752,"ocr pdf russian",9,1,"ocr pdf"
4753,"ocr pdf sample download",9,1,"ocr pdf"
4754,"ocr pdf to jpg converter free",9,1,"ocr pdf"
4755,"ocr pdf to pdf",9,1,"ocr pdf"
4756,"ocr pdf use",9,1,"ocr pdf"
4757,"ocr pdf with python",9,1,"ocr pdf"
4758,"ocr power pdf",9,1,"ocr pdf"
4759,"ocr vs pdf parsing",9,1,"ocr pdf"
4760,"ocr z pdf na doc",9,1,"ocr pdf"
4761,"online compress pdf to 2mb",9,1,"compress pdf"
4762,"online excel to pdf maker",9,1,"excel to pdf"
4763,"online jpg to pdf free",9,1,"jpg to pdf"
4764,"online merge pdf files into one",9,1,"merge pdf"
4765,"online pdf rotate editor",9,1,"rotate pdf"
4766,"online pdf to excel converter in single sheet",9,1,"pdf to excel"
4767,"online pdf to jpg free",9,1,"pdf to jpg"
4768,"online pdf to ppt converter i love pdf",9,1,"pdf to ppt"
4769,"online pdf to word file converter",9,1,"pdf to word"
4770,"online pdf watermark remover ai",9,1,"watermark pdf"
4771,"online split pdf to jpg",9,1,"split pdf"
4772,"online word to pdf editor free",9,1,"word to pdf"
4773,"pdf i ppt ye dönüştürme",9,1,"pdf to ppt"
4774,"pdf ke ppt free",9,1,"pdf to ppt"
4775,"pdf merge 70 kb",9,1,"merge pdf"
4776,"pdf merge under 800kb",9,1,"merge pdf"
4777,"pdf ocr x enterprise edition",9,1,"ocr pdf"
4778,"pdf rotate view permanently",9,1,"rotate pdf"
4779,"pdf slideshare downloader",9,1,"pdf to ppt"
4780,"pdf to excel 2016 converter",9,1,"pdf to excel"
4781,"pdf to excel all pages in one sheet",9,1,"pdf to excel"
4782,"pdf to excel bank statement free",9,1,"pdf to excel"
4783,"pdf to excel converter 35 mb",9,1,"pdf to excel"
4784,"pdf to excel converter online free without email",9,1,"pdf to excel"
4785,"pdf to excel data entry projects",9,1,"pdf to excel"
4786,"pdf to excel exact converter",9,1,"pdf to excel"
4787,"pdf to excel for free download",9,1,"pdf to excel"
4788,"pdf to excel free converter download",9,1,"pdf to excel"
4789,"pdf to excel gujarati",9,1,"pdf to excel"
4790,"pdf to excel in python",9,1,"pdf to excel"
4791,"pdf to excel in single page",9,1,"pdf to excel"
4792,"pdf to excel kofax",9,1,"pdf to excel"
4793,"pdf to excel logo",9,1,"pdf to excel"
4794,"pdf to excel more than 50 mb",9,1,"pdf to excel"
4795,"pdf to excel nitro free",9,1,"pdf to excel"
4796,"pdf to excel one sheet",9,1,"pdf to excel"
4797,"pdf to excel project",9,1,"pdf to excel"
4798,"pdf to excel rekening koran bca",9,1,"pdf to excel"
4799,"pdf to excel same format",9,1,"pdf to excel"
4800,"pdf to excel software",9,1,"pdf to excel"
4801,"pdf to excel text converter online free",9,1,"pdf to excel"
4802,"pdf to excel to ocr",9,1,"pdf to excel"
4803,"pdf to excel utility",9,1,"pdf to excel"
4804,"pdf to excel with formula",9,1,"pdf to excel"
4805,"pdf to excel without converter",9,1,"pdf to excel"
4806,"pdf to excel xlsx converter online",9,1,"pdf to excel"
4807,"pdf to excel za darmo",9,1,"pdf to excel"
4808,"pdf to jpg 1200 dpi",9,1,"pdf to jpg"
4809,"pdf to jpg 250 kb online free",9,1,"pdf to jpg"
4810,"pdf to jpg 35 kb",9,1,"pdf to jpg"
4811,"pdf to jpg 4k",9,1,"pdf to jpg"
4812,"pdf to jpg 5mb converter online free",9,1,"pdf to jpg"
4813,"pdf to jpg 600 kb converter",9,1,"pdf to jpg"
4814,"pdf to jpg 75 to 100 kb",9,1,"pdf to jpg"
4815,"pdf to jpg 8 kb",9,1,"pdf to jpg"
4816,"pdf to jpg 900 dpi",9,1,"pdf to jpg"
4817,"pdf to jpg a3 size",9,1,"pdf to jpg"
4818,"pdf to jpg app mac",9,1,"pdf to jpg"
4819,"pdf to jpg below 250kb",9,1,"pdf to jpg"
4820,"pdf to jpg converter i love pdf",9,1,"pdf to jpg"
4821,"pdf to jpg download app",9,1,"pdf to jpg"
4822,"pdf to jpg export",9,1,"pdf to jpg"
4823,"pdf to jpg free download for pc",9,1,"pdf to jpg"
4824,"pdf to jpg full hd quality",9,1,"pdf to jpg"
4825,"pdf to jpg gratis",9,1,"pdf to jpg"
4826,"pdf to jpg high quality 300 dpi",9,1,"pdf to jpg"
4827,"pdf to jpg in bulk",9,1,"pdf to jpg"
4828,"pdf to jpg j7",9,1,"pdf to jpg"
4829,"pdf to jpg kostenlos",9,1,"pdf to jpg"
4830,"pdf to jpg less than 3mb",9,1,"pdf to jpg"
4831,"pdf to jpg multiple",9,1,"pdf to jpg"
4832,"pdf to jpg no sign up",9,1,"pdf to jpg"
4833,"pdf to jpg online2",9,1,"pdf to jpg"
4834,"pdf to jpg or png",9,1,"pdf to jpg"
4835,"pdf to jpg password remover",9,1,"pdf to jpg"
4836,"pdf to jpg reducer",9,1,"pdf to jpg"
4837,"pdf to jpg size",9,1,"pdf to jpg"
4838,"pdf to jpg to excel",9,1,"pdf to jpg"
4839,"pdf to jpg upto 100 kb",9,1,"pdf to jpg"
4840,"pdf to jpg with digital signature",9,1,"pdf to jpg"
4841,"pdf to jpg without increasing size",9,1,"pdf to jpg"
4842,"pdf to ppt 2013",9,1,"pdf to ppt"
4843,"pdf to ppt ai generator online free",9,1,"pdf to ppt"
4844,"pdf to ppt bulk",9,1,"pdf to ppt"
4845,"pdf to ppt converter online free editable",9,1,"pdf to ppt"
4846,"pdf to ppt file converter free",9,1,"pdf to ppt"
4847,"pdf to ppt for mac",9,1,"pdf to ppt"
4848,"pdf to ppt google search",9,1,"pdf to ppt"
4849,"pdf to ppt html",9,1,"pdf to ppt"
4850,"pdf to ppt ilovepdf",9,1,"pdf to ppt"
4851,"pdf to ppt libreoffice",9,1,"pdf to ppt"
4852,"pdf to ppt more than 15 mb",9,1,"pdf to ppt"
4853,"pdf to ppt over 100mb",9,1,"pdf to ppt"
4854,"pdf to ppt pdf gear",9,1,"pdf to ppt"
4855,"pdf to ppt transform",9,1,"pdf to ppt"
4856,"pdf to ppt using ai tool",9,1,"pdf to ppt"
4857,"pdf to ppt without any change",9,1,"pdf to ppt"
4858,"pdf to pptx conversion",9,1,"pdf to ppt"
4859,"pdf to word 150 kb",9,1,"pdf to word"
4860,"pdf to word 2007 converter free",9,1,"pdf to word"
4861,"pdf to word 3mb",9,1,"pdf to word"
4862,"pdf to word ai converter free",9,1,"pdf to word"
4863,"pdf to word apple",9,1,"pdf to word"
4864,"pdf to word best converter online free",9,1,"pdf to word"
4865,"pdf to word converter 50 mb",9,1,"pdf to word"
4866,"pdf to word converter app",9,1,"pdf to word"
4867,"pdf to word docx converter",9,1,"pdf to word"
4868,"pdf to word edit converter free",9,1,"pdf to word"
4869,"pdf to word for editing text",9,1,"pdf to word"
4870,"pdf to word free conversion",9,1,"pdf to word"
4871,"pdf to word go",9,1,"pdf to word"
4872,"pdf to word hindi and english",9,1,"pdf to word"
4873,"pdf to word ilove you",9,1,"pdf to word"
4874,"pdf to word image converter online",9,1,"pdf to word"
4875,"pdf to word in mac",9,1,"pdf to word"
4876,"pdf to word jpg online free",9,1,"pdf to word"
4877,"pdf to word kannada",9,1,"pdf to word"
4878,"pdf to word letterhead",9,1,"pdf to word"
4879,"pdf to word ms word",9,1,"pdf to word"
4880,"pdf to word no ocr free",9,1,"pdf to word"
4881,"pdf to word online i love pdf",9,1,"pdf to word"
4882,"pdf to word ppt converter",9,1,"pdf to word"
4883,"pdf to word reduce size",9,1,"pdf to word"
4884,"pdf to word split",9,1,"pdf to word"
4885,"pdf to word tamil converter",9,1,"pdf to word"
4886,"pdf to word to edit text",9,1,"pdf to word"
4887,"pdf to word unlimited size",9,1,"pdf to word"
4888,"pdf to word with ocr converter online free",9,1,"pdf to word"
4889,"pdf to word without any changes",9,1,"pdf to word"
4890,"pdf watermark",9,1,"watermark pdf"
4891,"pdf watermark adder free",9,1,"watermark pdf"
4892,"pdf watermark cleaner",9,1,"watermark pdf"
4893,"pdf watermark remover app mod apk",9,1,"watermark pdf"
4894,"pdf yi ocr ye çevirme",9,1,"ocr pdf"
4895,"pdf zu ppt",9,1,"pdf to ppt"
4896,"pdfgear remove watermark",9,1,"watermark pdf"
4897,"ppt to pdf 3 slides per page",9,1,"pdf to ppt"
4898,"ppt to pdf 500kb",9,1,"pdf to ppt"
4899,"ppt to pdf java",9,1,"pdf to ppt"
4900,"ppt to pdf quality loss",9,1,"pdf to ppt"
4901,"remove watermark from pdf using python",9,1,"watermark pdf"
4902,"rotate and save pdf without adobe",9,1,"rotate pdf"
4903,"rotate pdf 1 degree",9,1,"rotate pdf"
4904,"rotate pdf adobe reader",9,1,"rotate pdf"
4905,"rotate pdf and download",9,1,"rotate pdf"
4906,"rotate pdf certain pages",9,1,"rotate pdf"
4907,"rotate pdf document and save",9,1,"rotate pdf"
4908,"rotate pdf file pages online",9,1,"rotate pdf"
4909,"rotate pdf free software",9,1,"rotate pdf"
4910,"rotate pdf gmail",9,1,"rotate pdf"
4911,"rotate pdf in chrome",9,1,"rotate pdf"
4912,"rotate pdf in remarkable 2",9,1,"rotate pdf"
4913,"rotate pdf keyboard command",9,1,"rotate pdf"
4914,"rotate pdf linux command line",9,1,"rotate pdf"
4915,"rotate pdf meme",9,1,"rotate pdf"
4916,"rotate pdf online shortcut",9,1,"rotate pdf"
4917,"rotate pdf pages 90 degrees",9,1,"rotate pdf"
4918,"rotate pdf pages app",9,1,"rotate pdf"
4919,"rotate pdf pages separately",9,1,"rotate pdf"
4920,"rotate pdf sheets",9,1,"rotate pdf"
4921,"rotate pdf text box",9,1,"rotate pdf"
4922,"rotate pdf when printing",9,1,"rotate pdf"
4923,"rotate single page pdf xchange editor",9,1,"rotate pdf"
4924,"split meter zimbabwe pdf",9,1,"split pdf"
4925,"split pdf 123apps",9,1,"split pdf"
4926,"split pdf 2gb",9,1,"split pdf"
4927,"split pdf above 300mb",9,1,"split pdf"
4928,"split pdf all pages",9,1,"split pdf"
4929,"split pdf by i love pdf",9,1,"split pdf"
4930,"split pdf convert to jpg",9,1,"split pdf"
4931,"split pdf documents i love pdf",9,1,"split pdf"
4932,"split pdf edit",9,1,"split pdf"
4933,"split pdf files into separate pages",9,1,"split pdf"
4934,"split pdf for each page",9,1,"split pdf"
4935,"split pdf free tool",9,1,"split pdf"
4936,"split pdf google search",9,1,"split pdf"
4937,"split pdf half online",9,1,"split pdf"
4938,"split pdf ilovepdf",9,1,"split pdf"
4939,"split pdf in multiple pdf",9,1,"split pdf"
4940,"split pdf in two",9,1,"split pdf"
4941,"split pdf into 4 quadrants",9,1,"split pdf"
4942,"split pdf into pages free online",9,1,"split pdf"
4943,"split pdf jadi 1 halaman",9,1,"split pdf"
4944,"split pdf mac",9,1,"split pdf"
4945,"split pdf online free without email",9,1,"split pdf"
4946,"split pdf page wise",9,1,"split pdf"
4947,"split pdf program",9,1,"split pdf"
4948,"split pdf revu",9,1,"split pdf"
4949,"split pdf size wise",9,1,"split pdf"
4950,"split pdf under 500kb",9,1,"split pdf"
4951,"split pdf upto 5mb",9,1,"split pdf"
4952,"split pdf video",9,1,"split pdf"
4953,"split pdf without adobe",9,1,"split pdf"
4954,"split screen in pdf xchange",9,1,"split pdf"
4955,"stamp book pdf",9,1,"watermark pdf"
4956,"stamp paper pdf download",9,1,"watermark pdf"
4957,"stamp pdf download free",9,1,"watermark pdf"
4958,"stamp pdf free online",9,1,"watermark pdf"
4959,"thêm watermark vào pdf foxit reader",9,1,"watermark pdf"
4960,"turn pdf to jpg",9,1,"rotate pdf"
4961,"turn pdf upside down and save",9,1,"rotate pdf"
4962,"turn your pdf into notes",9,1,"rotate pdf"
4963,"watermark from pdf remover",9,1,"watermark pdf"
4964,"watermark in pdf xchange editor",9,1,"watermark pdf"
4965,"watermark light pdf",9,1,"watermark pdf"
4966,"watermark my pdf",9,1,"watermark pdf"
4967,"watermark on pdf adobe",9,1,"watermark pdf"
4968,"watermark remover pdf ilovepdf",9,1,"watermark pdf"
4969,"why can't i convert pdf to word",9,1,"pdf to word"
4970,"word to pdf 1mb converter",9,1,"word to pdf"
4971,"word to pdf 2 pdf",9,1,"word to pdf"
4972,"word to pdf 350 kb",9,1,"word to pdf"
4973,"word to pdf adobe acrobat",9,1,"word to pdf"
4974,"word to pdf app for windows 7",9,1,"word to pdf"
4975,"word to pdf by link",9,1,"word to pdf"
4976,"word to pdf converter app",9,1,"word to pdf"
4977,"word to pdf download for windows 7",9,1,"word to pdf"
4978,"word to pdf excel",9,1,"word to pdf"
4979,"word to pdf file online",9,1,"word to pdf"
4980,"word to pdf for pc",9,1,"word to pdf"
4981,"word to pdf free unlimited",9,1,"word to pdf"
4982,"word to pdf gujarati",9,1,"word to pdf"
4983,"word to pdf high quality converter",9,1,"word to pdf"
4984,"word to pdf high quality images",9,1,"word to pdf"
4985,"word to pdf in hindi font",9,1,"word to pdf"
4986,"word to pdf jpg2pdf",9,1,"word to pdf"
4987,"word to pdf kannada font",9,1,"word to pdf"
4988,"word to pdf landscape converter",9,1,"word to pdf"
4989,"word to pdf maker free",9,1,"word to pdf"
4990,"word to pdf not editable",9,1,"word to pdf"
4991,"word to pdf ocr converter i love pdf",9,1,"word to pdf"
4992,"word to pdf online free download",9,1,"word to pdf"
4993,"word to pdf pi",9,1,"word to pdf"
4994,"word to pdf printer windows 7",9,1,"word to pdf"
4995,"word to pdf single page",9,1,"word to pdf"
4996,"word to pdf to jpg converter",9,1,"word to pdf"
4997,"word to pdf translator",9,1,"word to pdf"
4998,"word to pdf unicode",9,1,"word to pdf"
4999,"word to pdf without language change",9,1,"word to pdf"
5000,"word to pdf zusammenfügen",9,1,"word to pdf"